day,side,entry_et,exit_et,held_s,reason,points,pnl
2026-06-23,long,09:30:00,09:30:00,0.3,target,10.0,195.0
2026-06-23,short,09:30:15,09:30:15,0.0,stop,-5.25,-110.0
2026-06-23,short,09:30:30,09:30:31,0.9,stop,-5.0,-105.0
2026-06-23,short,09:30:45,09:30:46,1.4,stop,-5.0,-105.0
2026-06-23,short,09:31:00,09:31:00,0.2,target,10.0,195.0
2026-06-23,short,09:31:15,09:31:24,9.2,stop,-5.25,-110.0
2026-06-23,long,09:31:30,09:31:30,0.2,stop,-5.0,-105.0
2026-06-23,long,09:31:45,09:31:46,1.2,target,10.0,195.0
2026-06-23,long,09:32:00,09:32:00,0.1,stop,-5.0,-105.0
2026-06-23,long,09:32:15,09:32:15,0.4,stop,-5.0,-105.0
2026-06-23,short,09:32:30,09:32:31,1.3,stop,-5.0,-105.0
2026-06-23,short,09:32:45,09:32:46,1.5,target,10.0,195.0
2026-06-23,long,09:33:00,09:33:00,0.5,stop,-5.0,-105.0
2026-06-23,short,09:33:15,09:33:17,2.7,stop,-5.0,-105.0
2026-06-23,long,09:33:30,09:33:31,0.8,stop,-5.0,-105.0
2026-06-23,short,09:33:45,09:33:46,1.7,target,10.0,195.0
2026-06-23,short,09:34:00,09:34:01,0.9,target,10.0,195.0
2026-06-23,long,09:34:15,09:34:18,3.6,stop,-5.0,-105.0
2026-06-23,long,09:34:30,09:34:36,6.5,target,10.0,195.0
2026-06-23,long,09:34:45,09:34:47,2.1,stop,-5.25,-110.0
2026-06-23,long,09:35:00,09:35:00,0.2,stop,-5.0,-105.0
2026-06-23,short,09:35:15,09:35:19,4.2,stop,-5.0,-105.0
2026-06-23,long,09:35:30,09:35:30,0.1,stop,-5.0,-105.0
2026-06-23,short,09:35:45,09:35:45,0.3,stop,-5.25,-110.0
2026-06-23,short,09:36:00,09:36:00,0.1,stop,-7.25,-150.0
2026-06-23,short,09:36:15,09:36:15,0.3,stop,-5.0,-105.0
2026-06-23,short,09:36:45,09:36:46,1.0,stop,-5.0,-105.0
2026-06-23,short,09:37:00,09:37:02,2.6,stop,-5.25,-110.0
2026-06-23,long,09:37:15,09:37:17,2.2,target,10.0,195.0
2026-06-23,long,09:37:30,09:37:30,0.2,stop,-5.0,-105.0
2026-06-23,long,09:37:45,09:37:45,0.3,stop,-5.0,-105.0
2026-06-23,short,09:38:00,09:38:02,2.1,stop,-5.0,-105.0
2026-06-23,short,09:38:15,09:38:15,0.1,stop,-5.0,-105.0
2026-06-23,long,09:38:30,09:38:32,2.4,target,10.0,195.0
2026-06-23,long,09:38:45,09:38:49,4.2,target,10.0,195.0
2026-06-23,short,09:39:00,09:39:00,0.7,stop,-5.75,-120.0
2026-06-23,long,09:39:15,09:39:17,2.1,target,10.0,195.0
2026-06-23,long,09:39:30,09:39:30,0.4,stop,-5.0,-105.0
2026-06-23,long,09:39:45,09:39:45,0.3,stop,-5.25,-110.0
2026-06-23,long,09:40:00,09:40:01,1.0,stop,-5.0,-105.0
2026-06-23,short,09:40:15,09:40:15,0.3,stop,-5.0,-105.0
2026-06-23,short,09:40:30,09:40:30,0.5,stop,-5.0,-105.0
2026-06-23,long,09:40:45,09:40:47,2.4,stop,-5.0,-105.0
2026-06-23,long,09:41:00,09:41:00,0.4,stop,-5.0,-105.0
2026-06-23,short,09:41:15,09:41:17,2.2,stop,-5.0,-105.0
2026-06-23,short,09:41:30,09:41:32,2.1,target,10.0,195.0
2026-06-23,short,09:41:45,09:41:46,1.4,stop,-5.25,-110.0
2026-06-23,short,09:42:00,09:42:04,3.8,target,10.0,195.0
2026-06-23,short,09:42:15,09:42:15,0.6,stop,-5.5,-115.0
2026-06-23,short,09:42:30,09:42:43,12.9,stop,-5.0,-105.0
2026-06-23,short,09:42:45,09:42:50,5.5,stop,-5.0,-105.0
2026-06-23,long,09:43:00,09:43:00,0.2,stop,-5.0,-105.0
2026-06-23,long,09:43:15,09:43:19,3.9,stop,-5.0,-105.0
2026-06-23,short,09:43:30,09:43:31,0.9,stop,-5.0,-105.0
2026-06-23,short,09:43:45,09:43:45,0.1,stop,-5.25,-110.0
2026-06-23,short,09:44:00,09:44:00,0.6,stop,-5.0,-105.0
2026-06-23,long,09:44:15,09:44:20,5.6,stop,-5.0,-105.0
2026-06-23,short,09:44:30,09:44:34,4.7,stop,-5.0,-105.0
2026-06-23,short,09:44:45,09:44:46,1.4,stop,-5.25,-110.0
2026-06-23,short,09:45:00,09:45:00,0.0,stop,-9.0,-185.0
2026-06-23,short,09:45:15,09:45:15,0.2,stop,-5.0,-105.0
2026-06-23,long,09:45:30,09:45:31,0.8,stop,-5.25,-110.0
2026-06-23,short,09:45:45,09:45:46,1.3,stop,-5.0,-105.0
2026-06-23,short,09:46:00,09:46:00,0.7,stop,-5.0,-105.0
2026-06-23,short,09:46:15,09:46:18,3.5,target,10.0,195.0
2026-06-23,short,09:46:30,09:46:31,0.8,stop,-5.0,-105.0
2026-06-23,short,09:46:45,09:46:45,0.6,stop,-5.0,-105.0
2026-06-23,short,09:47:00,09:47:05,5.6,target,10.0,195.0
2026-06-23,long,09:47:15,09:47:17,1.8,stop,-5.5,-115.0
2026-06-23,long,09:47:30,09:47:32,2.2,stop,-5.0,-105.0
2026-06-23,long,09:47:45,09:47:46,1.3,target,10.0,195.0
2026-06-23,long,09:48:00,09:48:00,0.4,stop,-5.0,-105.0
2026-06-23,long,09:48:15,09:48:15,0.1,stop,-5.0,-105.0
2026-06-23,short,09:48:30,09:48:41,11.1,stop,-5.0,-105.0
2026-06-23,long,09:48:45,09:48:45,0.2,stop,-5.25,-110.0
2026-06-23,long,09:49:00,09:49:01,0.8,stop,-5.25,-110.0
2026-06-23,long,09:49:15,09:49:21,6.6,stop,-5.25,-110.0
2026-06-23,short,09:49:30,09:49:32,1.8,stop,-5.0,-105.0
2026-06-23,short,09:49:45,09:49:49,3.8,target,10.0,195.0
2026-06-23,short,09:50:00,09:50:00,0.4,stop,-5.0,-105.0
2026-06-23,long,09:50:15,09:50:25,9.9,stop,-5.0,-105.0
2026-06-23,short,09:50:30,09:50:32,1.9,stop,-5.5,-115.0
2026-06-23,short,09:50:45,09:50:48,3.7,stop,-5.0,-105.0
2026-06-23,long,09:51:00,09:51:21,21.7,stop,-5.0,-105.0
2026-06-23,long,09:51:30,09:51:39,9.0,target,10.0,195.0
2026-06-23,long,09:51:45,09:51:45,0.5,stop,-5.0,-105.0
2026-06-23,long,09:52:00,09:52:11,11.3,stop,-5.75,-120.0
2026-06-23,long,09:52:15,09:52:17,2.5,stop,-5.0,-105.0
2026-06-23,long,09:52:30,09:52:34,4.3,target,10.0,195.0
2026-06-23,long,09:52:45,09:52:50,4.8,stop,-5.0,-105.0
2026-06-23,long,09:53:00,09:53:03,3.5,stop,-5.0,-105.0
2026-06-23,short,09:53:15,09:53:15,0.4,stop,-5.0,-105.0
2026-06-23,long,09:53:30,09:53:34,4.3,target,10.0,195.0
2026-06-23,long,09:53:45,09:53:47,2.2,stop,-5.0,-105.0
2026-06-23,short,09:54:00,09:54:02,1.8,stop,-5.0,-105.0
2026-06-23,long,09:54:15,09:54:16,0.8,stop,-5.75,-120.0
2026-06-23,long,09:54:30,09:54:35,5.5,stop,-5.0,-105.0
2026-06-23,short,09:54:45,09:54:50,5.4,target,10.0,195.0
2026-06-23,short,09:55:00,09:55:02,2.3,target,10.0,195.0
2026-06-23,short,09:55:15,09:55:16,1.2,stop,-5.0,-105.0
2026-06-23,long,09:55:30,09:55:30,0.4,stop,-5.0,-105.0
2026-06-23,short,09:55:45,09:55:45,0.5,stop,-5.0,-105.0
2026-06-23,short,09:56:00,09:56:02,1.9,stop,-5.0,-105.0
2026-06-23,short,09:56:15,09:56:23,8.2,stop,-5.25,-110.0
2026-06-23,short,09:56:30,09:56:32,2.2,target,10.0,195.0
2026-06-23,long,09:56:45,09:56:45,0.6,stop,-5.0,-105.0
2026-06-23,long,09:57:00,09:57:01,0.9,stop,-5.0,-105.0
2026-06-23,long,09:57:15,09:57:15,0.6,stop,-5.0,-105.0
2026-06-23,long,09:57:30,09:57:31,0.8,stop,-5.0,-105.0
2026-06-23,long,09:57:45,09:57:46,1.3,stop,-5.0,-105.0
2026-06-23,short,09:58:00,09:58:09,8.8,stop,-5.75,-120.0
2026-06-23,long,09:58:15,09:58:15,0.3,stop,-5.0,-105.0
2026-06-23,short,09:58:30,09:58:30,0.3,stop,-5.0,-105.0
2026-06-23,short,09:58:45,09:58:47,2.2,stop,-5.25,-110.0
2026-06-23,long,09:59:00,09:59:05,5.6,stop,-5.0,-105.0
2026-06-23,short,09:59:15,09:59:16,1.2,stop,-5.0,-105.0
2026-06-23,long,09:59:30,09:59:34,4.1,target,10.0,195.0
2026-06-23,long,09:59:45,09:59:49,4.1,stop,-5.0,-105.0
2026-06-23,short,10:00:00,10:00:01,0.8,stop,-5.25,-110.0
2026-06-23,long,10:00:15,10:00:20,5.7,target,10.0,195.0
2026-06-23,long,10:00:30,10:00:32,2.0,stop,-5.0,-105.0
2026-06-23,long,10:00:45,10:00:51,6.5,target,10.0,195.0
2026-06-23,long,10:01:00,10:01:03,3.6,target,10.0,195.0
2026-06-23,long,10:01:15,10:01:21,6.4,stop,-5.0,-105.0
2026-06-23,long,10:01:30,10:01:32,1.9,stop,-5.0,-105.0
2026-06-23,short,10:01:45,10:02:00,15.0,jev,1.75,30.0
2026-06-23,long,10:02:00,10:02:03,3.4,stop,-5.0,-105.0
2026-06-23,long,10:02:15,10:02:19,4.5,stop,-5.0,-105.0
2026-06-23,short,10:02:30,10:02:31,1.7,stop,-5.25,-110.0
2026-06-23,short,10:02:45,10:03:00,15.0,jev,-1.25,-30.0
2026-06-23,long,10:03:00,10:03:01,1.3,target,10.0,195.0
2026-06-23,short,10:03:15,10:03:19,3.9,target,10.0,195.0
2026-06-23,short,10:03:30,10:03:37,7.6,stop,-5.0,-105.0
2026-06-23,short,10:03:45,10:03:53,7.8,target,10.0,195.0
2026-06-23,short,10:04:00,10:04:00,0.4,stop,-5.75,-120.0
2026-06-23,long,10:04:15,10:04:16,0.9,stop,-5.0,-105.0
2026-06-23,long,10:04:30,10:04:31,1.1,stop,-5.0,-105.0
2026-06-23,short,10:04:45,10:04:55,10.2,stop,-5.0,-105.0
2026-06-23,long,10:05:00,10:05:00,0.5,stop,-5.0,-105.0
2026-06-23,short,10:05:15,10:05:16,1.4,stop,-5.25,-110.0
2026-06-23,long,10:05:30,10:05:30,0.7,stop,-5.0,-105.0
2026-06-23,short,10:05:45,10:05:47,2.5,target,10.0,195.0
2026-06-23,short,10:06:00,10:06:04,3.9,stop,-5.25,-110.0
2026-06-23,short,10:06:15,10:06:38,23.4,target,10.0,195.0
2026-06-23,short,10:06:45,10:06:56,11.1,stop,-5.25,-110.0
2026-06-23,short,10:07:00,10:07:03,3.1,stop,-5.0,-105.0
2026-06-23,long,10:07:15,10:07:19,4.3,stop,-5.0,-105.0
2026-06-23,short,10:07:30,10:07:45,15.6,target,10.0,195.0
2026-06-23,short,10:08:00,10:08:01,1.6,stop,-5.0,-105.0
2026-06-23,short,10:08:15,10:08:21,5.9,stop,-5.0,-105.0
2026-06-23,short,10:08:30,10:08:35,5.4,target,10.0,195.0
2026-06-23,short,10:08:45,10:08:47,1.9,stop,-5.0,-105.0
2026-06-23,short,10:09:00,10:09:01,1.4,stop,-5.25,-110.0
2026-06-23,long,10:09:15,10:09:16,1.5,target,10.0,195.0
2026-06-23,long,10:09:30,10:09:44,14.1,stop,-5.25,-110.0
2026-06-23,short,10:09:45,10:09:58,13.7,target,10.0,195.0
2026-06-23,long,10:10:00,10:10:00,0.3,stop,-6.0,-125.0
2026-06-23,long,10:10:15,10:10:25,9.8,stop,-5.25,-110.0
2026-06-23,short,10:10:30,10:10:32,1.8,stop,-5.0,-105.0
2026-06-23,short,10:10:45,10:10:49,4.0,stop,-5.0,-105.0
2026-06-23,short,10:11:00,10:11:00,0.3,stop,-5.0,-105.0
2026-06-23,short,10:11:15,10:11:33,17.8,stop,-5.0,-105.0
2026-06-23,long,10:11:45,10:11:47,2.6,stop,-5.0,-105.0
2026-06-23,short,10:12:00,10:12:06,6.2,stop,-5.0,-105.0
2026-06-23,short,10:12:15,10:12:17,2.3,stop,-5.0,-105.0
2026-06-23,long,10:12:30,10:12:30,0.3,stop,-5.0,-105.0
2026-06-23,short,10:12:45,10:12:48,3.7,stop,-5.25,-110.0
2026-06-23,long,10:13:00,10:13:07,7.4,stop,-5.75,-120.0
2026-06-23,short,10:13:15,10:13:17,2.4,stop,-5.0,-105.0
2026-06-23,long,10:13:30,10:13:32,2.3,target,10.0,195.0
2026-06-23,long,10:13:45,10:13:46,1.3,stop,-5.0,-105.0
2026-06-23,short,10:14:00,10:14:03,3.6,stop,-5.0,-105.0
2026-06-23,long,10:14:15,10:14:22,7.1,target,10.0,195.0
2026-06-23,long,10:14:30,10:14:30,0.6,stop,-5.0,-105.0
2026-06-23,long,10:14:45,10:14:46,1.1,stop,-5.0,-105.0
2026-06-23,long,10:15:00,10:15:00,0.4,stop,-5.0,-105.0
2026-06-23,short,10:15:15,10:15:16,1.5,stop,-5.0,-105.0
2026-06-23,short,10:15:30,10:15:37,7.0,stop,-5.0,-105.0
2026-06-23,short,10:15:45,10:15:46,1.5,stop,-5.0,-105.0
2026-06-23,short,10:16:00,10:16:02,2.2,stop,-5.5,-115.0
2026-06-23,short,10:16:15,10:16:17,2.4,stop,-5.0,-105.0
2026-06-23,short,10:16:30,10:16:30,0.3,stop,-5.0,-105.0
2026-06-23,long,10:16:45,10:16:45,0.5,stop,-5.0,-105.0
2026-06-23,long,10:17:00,10:17:06,6.3,stop,-5.0,-105.0
2026-06-23,short,10:17:15,10:17:19,3.8,stop,-5.0,-105.0
2026-06-23,long,10:17:30,10:17:34,4.4,stop,-5.0,-105.0
2026-06-23,short,10:17:45,10:17:47,2.2,stop,-5.0,-105.0
2026-06-23,short,10:18:00,10:18:04,4.2,stop,-5.25,-110.0
2026-06-23,long,10:18:15,10:18:16,0.8,stop,-5.0,-105.0
2026-06-23,short,10:18:30,10:18:31,0.9,stop,-5.0,-105.0
2026-06-23,long,10:18:45,10:19:00,15.1,jev,-2.5,-55.0
2026-06-23,short,10:19:00,10:19:08,8.1,target,10.0,195.0
2026-06-23,short,10:19:15,10:19:33,18.5,stop,-5.0,-105.0
2026-06-23,long,10:19:45,10:20:03,17.8,target,10.0,195.0
2026-06-23,long,10:20:15,10:20:32,17.6,target,10.0,195.0
2026-06-23,short,10:20:45,10:20:48,3.0,stop,-5.0,-105.0
2026-06-23,long,10:21:00,10:21:03,3.3,stop,-5.0,-105.0
2026-06-23,short,10:21:15,10:21:19,4.0,stop,-5.0,-105.0
2026-06-23,short,10:21:30,10:21:34,4.0,stop,-5.0,-105.0
2026-06-23,short,10:21:45,10:21:47,2.4,target,10.0,195.0
2026-06-23,short,10:22:00,10:22:04,4.1,stop,-5.25,-110.0
2026-06-23,short,10:22:15,10:22:20,4.8,stop,-5.0,-105.0
2026-06-23,short,10:22:30,10:22:38,8.4,target,10.0,195.0
2026-06-23,short,10:22:45,10:22:50,4.8,stop,-5.25,-110.0
2026-06-23,short,10:23:00,10:23:01,1.7,stop,-5.0,-105.0
2026-06-23,long,10:23:15,10:23:18,3.1,target,10.0,195.0
2026-06-23,long,10:23:30,10:23:35,4.8,target,10.0,195.0
2026-06-23,long,10:23:45,10:23:49,4.0,target,10.0,195.0
2026-06-23,long,10:24:00,10:24:03,3.6,stop,-5.25,-110.0
2026-06-23,short,10:24:15,10:24:19,4.5,stop,-5.0,-105.0
2026-06-23,long,10:24:30,10:24:31,1.1,stop,-5.0,-105.0
2026-06-23,short,10:24:45,10:24:49,4.1,stop,-5.0,-105.0
2026-06-23,short,10:25:00,10:25:01,0.8,stop,-5.0,-105.0
2026-06-23,long,10:25:15,10:25:17,2.1,stop,-5.0,-105.0
2026-06-23,short,10:25:30,10:25:31,1.1,stop,-5.0,-105.0
2026-06-23,long,10:25:45,10:25:45,0.4,stop,-5.25,-110.0
2026-06-23,short,10:26:00,10:26:05,5.7,target,10.0,195.0
2026-06-23,short,10:26:15,10:26:24,8.8,target,10.0,195.0
2026-06-23,short,10:26:30,10:26:31,1.0,stop,-6.0,-125.0
2026-06-23,long,10:26:45,10:26:47,2.5,stop,-5.0,-105.0
2026-06-23,long,10:27:00,10:27:04,4.1,target,10.0,195.0
2026-06-23,long,10:27:15,10:27:15,0.5,stop,-5.0,-105.0
2026-06-23,short,10:27:30,10:27:34,3.8,target,10.0,195.0
2026-06-23,short,10:27:45,10:27:57,11.9,stop,-5.0,-105.0
2026-06-23,long,10:28:00,10:28:02,2.5,stop,-5.5,-115.0
2026-06-23,short,10:28:15,10:28:19,4.4,stop,-5.0,-105.0
2026-06-23,long,10:28:30,10:28:35,5.2,target,10.0,195.0
2026-06-23,long,10:28:45,10:28:53,8.1,target,10.0,195.0
2026-06-23,long,10:29:00,10:29:21,21.3,target,10.0,195.0
2026-06-23,long,10:29:30,10:29:31,1.6,stop,-5.0,-105.0
2026-06-23,short,10:29:45,10:29:45,0.5,stop,-5.0,-105.0
2026-06-23,long,10:30:00,10:30:02,2.1,stop,-5.0,-105.0
2026-06-23,short,10:30:15,10:30:16,1.5,stop,-5.0,-105.0
2026-06-23,short,10:30:30,10:30:42,12.7,target,10.0,195.0
2026-06-23,short,10:30:45,10:30:48,3.6,stop,-5.0,-105.0
2026-06-23,short,10:31:00,10:31:12,12.0,target,10.0,195.0
2026-06-23,short,10:31:15,10:31:20,5.2,target,10.0,195.0
2026-06-23,short,10:31:30,10:31:33,3.0,stop,-5.0,-105.0
2026-06-23,long,10:31:45,10:31:49,4.7,stop,-5.0,-105.0
2026-06-23,short,10:32:00,10:32:09,9.3,target,10.0,195.0
2026-06-23,short,10:32:15,10:32:15,0.7,stop,-5.0,-105.0
2026-06-23,short,10:32:30,10:32:32,1.8,stop,-5.0,-105.0
2026-06-23,long,10:32:45,10:33:00,15.0,jev,-1.25,-30.0
2026-06-23,short,10:33:00,10:33:00,0.3,stop,-5.25,-110.0
2026-06-23,long,10:33:15,10:33:28,13.0,target,10.0,195.0
2026-06-23,long,10:33:30,10:33:43,13.1,stop,-5.0,-105.0
2026-06-23,long,10:33:45,10:33:48,3.4,stop,-5.0,-105.0
2026-06-23,short,10:34:00,10:34:05,5.3,stop,-5.0,-105.0
2026-06-23,long,10:34:15,10:34:30,15.0,jev,3.0,55.0
2026-06-23,short,10:34:30,10:34:30,0.5,stop,-5.0,-105.0
2026-06-23,long,10:34:45,10:34:52,7.4,stop,-5.0,-105.0
2026-06-23,short,10:35:00,10:35:02,2.0,target,10.0,195.0
2026-06-23,short,10:35:15,10:35:30,15.7,target,10.0,195.0
2026-06-23,short,10:35:45,10:35:51,5.8,stop,-5.0,-105.0
2026-06-23,long,10:36:00,10:36:00,0.3,stop,-5.0,-105.0
2026-06-23,long,10:36:15,10:36:24,9.5,stop,-5.0,-105.0
2026-06-23,long,10:36:30,10:36:32,2.3,target,10.0,195.0
2026-06-23,long,10:36:45,10:36:46,1.2,stop,-5.0,-105.0
2026-06-23,short,10:37:00,10:37:05,5.0,stop,-5.25,-110.0
2026-06-23,long,10:37:15,10:37:15,0.5,stop,-5.0,-105.0
2026-06-23,long,10:37:30,10:37:30,0.4,stop,-5.0,-105.0
2026-06-23,short,10:37:45,10:37:46,0.8,stop,-5.0,-105.0
2026-06-23,long,10:38:00,10:38:03,3.4,stop,-5.5,-115.0
2026-06-23,short,10:38:15,10:38:17,2.6,target,10.0,195.0
2026-06-23,short,10:38:30,10:38:39,9.3,target,10.0,195.0
2026-06-23,short,10:38:45,10:38:45,0.6,stop,-5.0,-105.0
2026-06-23,short,10:39:00,10:39:01,1.6,stop,-5.0,-105.0
2026-06-23,long,10:39:15,10:39:18,3.6,stop,-5.0,-105.0
2026-06-23,short,10:39:30,10:39:45,15.1,target,10.0,195.0
2026-06-23,short,10:40:00,10:40:00,0.2,stop,-5.75,-120.0
2026-06-23,short,10:40:15,10:40:18,2.9,target,10.0,195.0
2026-06-23,short,10:40:30,10:40:30,0.5,stop,-5.25,-110.0
2026-06-23,long,10:40:45,10:40:57,12.5,target,10.0,195.0
2026-06-23,long,10:41:00,10:41:05,5.4,stop,-5.0,-105.0
2026-06-23,short,10:41:15,10:41:16,1.0,stop,-5.0,-105.0
2026-06-23,long,10:41:30,10:41:31,0.9,stop,-5.25,-110.0
2026-06-23,long,10:41:45,10:41:59,14.7,stop,-5.0,-105.0
2026-06-23,short,10:42:00,10:42:02,2.5,stop,-5.0,-105.0
2026-06-23,short,10:42:15,10:42:25,10.0,stop,-5.0,-105.0
2026-06-23,short,10:42:30,10:42:30,0.5,stop,-5.5,-115.0
2026-06-23,long,10:42:45,10:42:46,1.4,stop,-5.0,-105.0
2026-06-23,short,10:43:00,10:43:06,6.1,target,10.0,195.0
2026-06-23,short,10:43:15,10:43:16,1.4,stop,-5.0,-105.0
2026-06-23,long,10:43:30,10:43:31,0.9,stop,-5.0,-105.0
2026-06-23,short,10:43:45,10:43:53,7.8,stop,-5.0,-105.0
2026-06-23,short,10:44:00,10:44:02,1.9,target,10.0,195.0
2026-06-23,short,10:44:15,10:44:17,1.9,target,10.0,195.0
2026-06-23,short,10:44:30,10:44:34,4.5,stop,-5.0,-105.0
2026-06-23,short,10:44:45,10:44:47,2.5,stop,-5.0,-105.0
2026-06-23,short,10:45:00,10:45:00,0.7,stop,-5.0,-105.0
2026-06-23,short,10:45:15,10:45:15,0.5,stop,-5.0,-105.0
2026-06-23,short,10:45:30,10:45:48,18.4,stop,-5.75,-120.0
2026-06-23,short,10:46:00,10:46:01,1.5,stop,-5.0,-105.0
2026-06-23,long,10:46:15,10:46:16,1.6,stop,-5.0,-105.0
2026-06-23,short,10:46:30,10:46:31,0.9,stop,-5.25,-110.0
2026-06-23,short,10:46:45,10:46:46,1.1,stop,-5.75,-120.0
2026-06-23,short,10:47:00,10:47:07,7.2,target,10.0,195.0
2026-06-23,short,10:47:15,10:47:21,6.7,stop,-5.0,-105.0
2026-06-23,long,10:47:30,10:47:31,1.6,stop,-5.0,-105.0
2026-06-23,short,10:47:45,10:47:48,3.7,stop,-5.5,-115.0
2026-06-23,long,10:48:00,10:48:03,3.4,target,10.0,195.0
2026-06-23,long,10:48:15,10:48:16,1.6,stop,-5.25,-110.0
2026-06-23,long,10:48:30,10:48:33,3.4,stop,-5.0,-105.0
2026-06-23,long,10:48:45,10:48:46,0.9,stop,-5.0,-105.0
2026-06-23,long,10:49:00,10:49:17,16.8,stop,-5.0,-105.0
2026-06-23,long,10:49:30,10:49:30,0.6,stop,-5.0,-105.0
2026-06-23,long,10:49:45,10:49:45,0.7,stop,-5.0,-105.0
2026-06-23,long,10:50:00,10:50:03,3.0,stop,-5.0,-105.0
2026-06-23,short,10:50:15,10:50:16,0.8,stop,-5.0,-105.0
2026-06-23,short,10:50:30,10:50:30,0.7,stop,-5.25,-110.0
2026-06-23,long,10:50:45,10:50:45,0.2,stop,-5.0,-105.0
2026-06-23,long,10:51:00,10:51:02,1.8,target,10.0,195.0
2026-06-23,long,10:51:15,10:51:22,7.0,stop,-5.0,-105.0
2026-06-23,long,10:51:30,10:51:32,2.5,target,10.0,195.0
2026-06-23,long,10:51:45,10:51:47,2.6,target,10.0,195.0
2026-06-23,long,10:52:00,10:52:01,1.1,stop,-5.0,-105.0
2026-06-23,short,10:52:15,10:52:15,0.7,stop,-5.0,-105.0
2026-06-23,long,10:52:30,10:52:33,3.3,stop,-5.0,-105.0
2026-06-23,short,10:52:45,10:52:49,4.5,stop,-5.0,-105.0
2026-06-23,short,10:53:00,10:53:06,6.7,target,10.0,195.0
2026-06-23,short,10:53:15,10:53:22,7.7,target,10.0,195.0
2026-06-23,short,10:53:30,10:53:51,21.0,stop,-5.0,-105.0
2026-06-23,short,10:54:00,10:54:01,1.2,stop,-5.0,-105.0
2026-06-23,short,10:54:15,10:54:15,0.5,stop,-5.0,-105.0
2026-06-23,long,10:54:30,10:54:32,2.8,stop,-5.0,-105.0
2026-06-23,short,10:54:45,10:54:47,1.9,stop,-5.0,-105.0
2026-06-23,long,10:55:00,10:55:04,4.5,target,10.0,195.0
2026-06-23,long,10:55:15,10:55:17,2.5,stop,-5.0,-105.0
2026-06-23,short,10:55:30,10:55:49,19.0,stop,-5.0,-105.0
2026-06-23,long,10:56:00,10:56:04,3.8,target,10.0,195.0
2026-06-23,long,10:56:15,10:56:15,0.7,stop,-5.0,-105.0
2026-06-23,short,10:56:30,10:56:31,0.8,stop,-5.0,-105.0
2026-06-23,long,10:56:45,10:56:59,14.6,stop,-5.0,-105.0
2026-06-23,short,10:57:00,10:57:11,11.6,stop,-5.25,-110.0
2026-06-23,short,10:57:15,10:57:15,0.3,stop,-5.25,-110.0
2026-06-23,long,10:57:30,10:57:34,4.1,target,10.0,195.0
2026-06-23,long,10:57:45,10:57:46,0.9,stop,-5.0,-105.0
2026-06-23,short,10:58:00,10:58:06,6.1,target,10.0,195.0
2026-06-23,short,10:58:15,10:58:21,5.9,target,10.0,195.0
2026-06-23,short,10:58:30,10:58:33,2.8,stop,-5.0,-105.0
2026-06-23,short,10:58:45,10:58:59,13.9,stop,-5.0,-105.0
2026-06-23,long,10:59:00,10:59:03,2.8,stop,-5.0,-105.0
2026-06-23,short,10:59:15,10:59:15,0.7,stop,-5.25,-110.0
2026-06-23,long,10:59:30,10:59:36,6.3,stop,-5.0,-105.0
2026-06-23,long,10:59:45,10:59:48,3.3,stop,-5.0,-105.0
2026-06-23,long,11:00:00,11:00:00,0.5,stop,-5.0,-105.0
2026-06-23,short,11:00:15,11:00:16,0.9,stop,-5.0,-105.0
2026-06-23,long,11:00:30,11:00:33,3.8,stop,-5.0,-105.0
2026-06-23,long,11:00:45,11:00:46,0.9,stop,-5.0,-105.0
2026-06-23,short,11:01:00,11:01:01,1.1,stop,-5.25,-110.0
2026-06-23,long,11:01:15,11:01:16,1.3,stop,-5.0,-105.0
2026-06-23,short,11:01:30,11:01:30,0.5,stop,-5.0,-105.0
2026-06-23,short,11:01:45,11:01:46,1.6,stop,-5.0,-105.0
2026-06-23,long,11:02:00,11:02:03,3.7,stop,-5.0,-105.0
2026-06-23,long,11:02:15,11:02:15,0.3,stop,-5.0,-105.0
2026-06-23,short,11:02:30,11:02:34,4.6,target,10.0,195.0
2026-06-23,short,11:02:45,11:02:46,1.7,target,10.0,195.0
2026-06-23,short,11:03:00,11:03:11,10.8,stop,-5.5,-115.0
2026-06-23,long,11:03:15,11:03:16,1.0,stop,-5.0,-105.0
2026-06-23,long,11:03:30,11:03:31,1.3,stop,-5.0,-105.0
2026-06-23,short,11:03:45,11:03:50,4.8,stop,-5.0,-105.0
2026-06-23,long,11:04:00,11:04:05,5.0,stop,-5.0,-105.0
2026-06-23,long,11:04:15,11:04:15,0.6,stop,-5.0,-105.0
2026-06-23,short,11:04:30,11:04:34,4.7,stop,-5.0,-105.0
2026-06-23,long,11:04:45,11:04:47,2.0,stop,-5.25,-110.0
2026-06-23,short,11:05:00,11:05:11,11.1,stop,-5.0,-105.0
2026-06-23,long,11:05:15,11:05:17,2.0,stop,-5.0,-105.0
2026-06-23,short,11:05:30,11:05:49,19.6,target,10.0,195.0
2026-06-23,short,11:06:00,11:06:04,4.4,target,10.0,195.0
2026-06-23,short,11:06:15,11:06:17,2.1,stop,-5.0,-105.0
2026-06-23,long,11:06:30,11:06:31,1.1,stop,-5.0,-105.0
2026-06-23,short,11:06:45,11:07:09,24.6,target,10.0,195.0
2026-06-23,short,11:07:15,11:07:15,0.7,stop,-5.0,-105.0
2026-06-23,long,11:07:30,11:07:46,16.1,target,10.0,195.0
2026-06-23,long,11:08:00,11:08:08,8.1,stop,-5.25,-110.0
2026-06-23,long,11:08:15,11:08:17,2.5,stop,-5.0,-105.0
2026-06-23,short,11:08:30,11:08:46,15.9,target,10.0,195.0
2026-06-23,long,11:09:00,11:09:08,7.8,stop,-5.0,-105.0
2026-06-23,short,11:09:15,11:09:17,2.5,stop,-5.25,-110.0
2026-06-23,short,11:09:30,11:09:39,8.9,stop,-6.5,-135.0
2026-06-23,long,11:09:45,11:10:01,16.1,target,10.0,195.0
2026-06-23,long,11:10:15,11:10:17,2.0,stop,-5.25,-110.0
2026-06-23,short,11:10:30,11:10:45,15.0,jev,1.0,15.0
2026-06-23,long,11:10:45,11:11:12,26.9,target,10.0,195.0
2026-06-23,long,11:11:15,11:11:19,4.6,stop,-5.0,-105.0
2026-06-23,long,11:11:30,11:11:31,1.6,stop,-5.0,-105.0
2026-06-23,long,11:11:45,11:11:48,2.9,stop,-5.0,-105.0
2026-06-23,short,11:12:00,11:12:14,14.5,target,10.0,195.0
2026-06-23,short,11:12:15,11:12:16,1.4,stop,-5.0,-105.0
2026-06-23,short,11:12:30,11:12:34,4.3,stop,-5.0,-105.0
2026-06-23,short,11:12:45,11:12:48,2.8,stop,-5.25,-110.0
2026-06-23,long,11:13:00,11:13:02,2.7,stop,-5.0,-105.0
2026-06-23,short,11:13:15,11:13:16,1.5,stop,-5.0,-105.0
2026-06-23,short,11:13:30,11:13:33,2.9,stop,-5.0,-105.0
2026-06-23,short,11:13:45,11:13:49,4.3,stop,-5.25,-110.0
2026-06-23,long,11:14:00,11:14:02,1.8,stop,-5.0,-105.0
2026-06-23,long,11:14:15,11:14:25,10.3,target,10.0,195.0
2026-06-23,long,11:14:30,11:14:32,2.6,stop,-5.0,-105.0
2026-06-23,short,11:14:45,11:14:50,5.2,stop,-5.0,-105.0
2026-06-23,short,11:15:00,11:15:02,2.6,stop,-5.25,-110.0
2026-06-23,long,11:15:15,11:15:20,4.9,stop,-5.0,-105.0
2026-06-23,short,11:15:30,11:15:31,1.4,stop,-5.0,-105.0
2026-06-23,long,11:15:45,11:16:00,15.0,jev,2.75,50.0
2026-06-23,short,11:16:00,11:16:08,8.5,target,10.0,195.0
2026-06-23,short,11:16:15,11:16:28,12.9,stop,-5.0,-105.0
2026-06-23,short,11:16:30,11:16:31,1.0,stop,-5.0,-105.0
2026-06-23,long,11:16:45,11:16:46,0.9,stop,-5.0,-105.0
2026-06-23,short,11:17:00,11:17:01,1.3,stop,-5.25,-110.0
2026-06-23,short,11:17:15,11:17:48,33.0,target,10.0,195.0
2026-06-23,short,11:18:00,11:18:19,19.3,target,10.0,195.0
2026-06-23,short,11:18:30,11:18:50,20.4,target,10.0,195.0
2026-06-23,short,11:19:00,11:19:05,5.5,stop,-5.25,-110.0
2026-06-23,long,11:19:15,11:19:27,12.1,target,10.0,195.0
2026-06-23,long,11:19:30,11:19:33,2.9,stop,-5.0,-105.0
2026-06-23,short,11:19:45,11:19:54,9.0,stop,-5.0,-105.0
2026-06-23,short,11:20:00,11:20:05,5.0,stop,-5.5,-115.0
2026-06-23,short,11:20:15,11:20:16,1.6,stop,-5.0,-105.0
2026-06-23,long,11:20:30,11:20:33,3.6,stop,-5.0,-105.0
2026-06-23,long,11:20:45,11:20:46,1.4,stop,-5.0,-105.0
2026-06-23,long,11:21:00,11:21:09,9.2,stop,-5.0,-105.0
2026-06-23,short,11:21:15,11:21:18,3.3,stop,-5.0,-105.0
2026-06-23,short,11:21:30,11:21:31,1.7,stop,-5.0,-105.0
2026-06-23,short,11:21:45,11:22:12,27.0,stop,-5.0,-105.0
2026-06-23,long,11:22:15,11:22:21,6.7,stop,-5.0,-105.0
2026-06-23,short,11:22:30,11:22:42,12.0,stop,-5.0,-105.0
2026-06-23,long,11:22:45,11:22:48,3.4,stop,-5.0,-105.0
2026-06-23,short,11:23:00,11:23:07,6.8,stop,-5.0,-105.0
2026-06-23,short,11:23:15,11:23:25,9.9,target,10.0,195.0
2026-06-23,short,11:23:30,11:23:37,7.2,stop,-5.0,-105.0
2026-06-23,long,11:23:45,11:23:59,14.3,stop,-5.25,-110.0
2026-06-23,short,11:24:00,11:24:25,25.0,target,10.0,195.0
2026-06-23,short,11:24:30,11:24:33,3.4,stop,-5.0,-105.0
2026-06-23,short,11:24:45,11:25:00,15.0,jev,-3.0,-65.0
2026-06-23,long,11:25:00,11:25:05,5.2,stop,-5.0,-105.0
2026-06-23,short,11:25:15,11:25:48,33.7,stop,-5.0,-105.0
2026-06-23,long,11:26:00,11:26:04,4.2,target,10.0,195.0
2026-06-23,short,11:26:15,11:26:20,5.2,stop,-5.0,-105.0
2026-06-23,long,11:26:30,11:26:31,1.4,stop,-5.0,-105.0
2026-06-23,long,11:26:45,11:27:15,30.0,jev,4.25,80.0
2026-06-23,short,11:27:15,11:27:19,4.1,target,10.0,195.0
2026-06-23,short,11:27:30,11:27:34,4.0,stop,-5.0,-105.0
2026-06-23,long,11:27:45,11:27:49,4.2,stop,-5.0,-105.0
2026-06-23,short,11:28:00,11:28:03,3.4,target,10.0,195.0
2026-06-23,short,11:28:15,11:28:18,2.9,stop,-5.0,-105.0
2026-06-23,short,11:28:30,11:29:00,30.0,jev,-1.0,-25.0
2026-06-23,long,11:29:00,11:29:15,15.0,jev,1.75,30.0
2026-06-23,short,11:29:15,11:29:19,4.6,stop,-5.0,-105.0
2026-06-23,long,11:29:30,11:29:36,6.0,stop,-5.0,-105.0
2026-06-23,short,11:29:45,11:30:08,22.8,target,10.0,195.0
2026-06-23,short,11:30:15,11:30:17,1.9,stop,-5.0,-105.0
2026-06-23,long,11:30:30,11:30:43,13.6,target,10.0,195.0
2026-06-23,long,11:30:45,11:30:50,5.6,stop,-5.0,-105.0
2026-06-23,long,11:31:00,11:31:30,30.0,jev,0.0,-5.0
2026-06-23,short,11:31:30,11:31:32,2.2,stop,-5.0,-105.0
2026-06-23,long,11:31:45,11:31:51,6.5,target,10.0,195.0
2026-06-23,long,11:32:00,11:32:01,1.7,stop,-5.0,-105.0
2026-06-23,long,11:32:15,11:32:15,0.7,stop,-5.25,-110.0
2026-06-23,short,11:32:30,11:32:41,11.3,target,10.0,195.0
2026-06-23,short,11:32:45,11:32:51,6.1,stop,-5.0,-105.0
2026-06-23,long,11:33:00,11:33:04,3.9,target,10.0,195.0
2026-06-23,long,11:33:15,11:33:37,22.5,stop,-5.0,-105.0
2026-06-23,short,11:33:45,11:34:15,30.0,jev,-2.0,-45.0
2026-06-23,long,11:34:15,11:34:17,2.5,stop,-5.0,-105.0
2026-06-23,short,11:34:30,11:34:31,1.7,target,10.0,195.0
2026-06-23,short,11:34:45,11:35:12,27.5,stop,-5.25,-110.0
2026-06-23,long,11:35:15,11:35:23,7.9,target,10.0,195.0
2026-06-23,long,11:35:30,11:35:31,1.4,stop,-5.0,-105.0
2026-06-23,short,11:35:45,11:36:15,30.0,jev,5.0,95.0
2026-06-23,long,11:36:15,11:36:20,5.2,target,10.0,195.0
2026-06-23,long,11:36:30,11:36:35,5.1,stop,-5.0,-105.0
2026-06-23,long,11:36:45,11:36:47,2.6,stop,-5.0,-105.0
2026-06-23,short,11:37:00,11:37:05,4.9,target,10.0,195.0
2026-06-23,short,11:37:15,11:37:16,1.2,stop,-5.0,-105.0
2026-06-23,long,11:37:30,11:37:32,2.6,stop,-5.0,-105.0
2026-06-23,short,11:37:45,11:38:08,23.7,target,10.0,195.0
2026-06-23,short,11:38:15,11:38:18,3.2,target,10.0,195.0
2026-06-23,short,11:38:30,11:38:38,8.3,target,10.0,195.0
2026-06-23,short,11:38:45,11:39:03,17.8,stop,-5.0,-105.0
2026-06-23,short,11:39:15,11:39:21,6.5,stop,-5.0,-105.0
2026-06-23,long,11:39:45,11:39:50,5.3,stop,-5.0,-105.0
2026-06-23,short,11:40:00,11:40:01,1.5,stop,-5.0,-105.0
2026-06-23,long,11:40:15,11:40:18,3.3,stop,-5.0,-105.0
2026-06-23,short,11:40:30,11:40:32,1.8,stop,-5.0,-105.0
2026-06-23,long,11:40:45,11:40:45,0.7,stop,-5.0,-105.0
2026-06-23,short,11:41:00,11:41:15,15.5,stop,-5.0,-105.0
2026-06-23,long,11:41:30,11:41:30,0.4,stop,-5.0,-105.0
2026-06-23,long,11:41:45,11:41:52,7.3,stop,-5.0,-105.0
2026-06-23,long,11:42:00,11:42:03,2.9,stop,-5.0,-105.0
2026-06-23,short,11:42:15,11:42:29,14.6,stop,-5.25,-110.0
2026-06-23,long,11:42:30,11:42:42,12.0,stop,-5.0,-105.0
2026-06-23,short,11:42:45,11:43:00,15.0,jev,-3.75,-80.0
2026-06-23,long,11:43:00,11:43:15,14.8,target,10.0,195.0
2026-06-23,long,11:43:30,11:43:32,2.2,stop,-5.0,-105.0
2026-06-23,short,11:43:45,11:43:59,14.7,stop,-5.0,-105.0
2026-06-23,long,11:44:00,11:44:05,5.1,target,10.0,195.0
2026-06-23,short,11:44:15,11:44:22,6.8,stop,-5.0,-105.0
2026-06-23,long,11:44:30,11:44:37,7.0,stop,-5.0,-105.0
2026-06-23,short,11:44:45,11:44:47,2.5,stop,-5.25,-110.0
2026-06-23,long,11:45:00,11:45:14,14.3,stop,-5.0,-105.0
2026-06-23,short,11:45:15,11:45:16,1.5,stop,-5.0,-105.0
2026-06-23,long,11:45:30,11:45:35,4.8,stop,-5.0,-105.0
2026-06-23,short,11:45:45,11:45:50,4.9,target,10.0,195.0
2026-06-23,short,11:46:00,11:46:12,11.8,stop,-5.0,-105.0
2026-06-23,long,11:46:15,11:46:22,6.8,stop,-5.25,-110.0
2026-06-23,short,11:46:30,11:46:41,11.1,stop,-5.0,-105.0
2026-06-23,long,11:46:45,11:46:51,6.4,stop,-5.0,-105.0
2026-06-23,short,11:47:00,11:47:05,5.2,stop,-5.0,-105.0
2026-06-23,long,11:47:15,11:47:15,0.5,stop,-5.0,-105.0
2026-06-23,long,11:47:30,11:47:31,0.9,stop,-5.25,-110.0
2026-06-23,long,11:47:45,11:47:59,13.8,stop,-5.0,-105.0
2026-06-23,short,11:48:00,11:48:01,1.2,stop,-5.0,-105.0
2026-06-23,long,11:48:15,11:48:38,22.9,target,10.0,195.0
2026-06-23,short,11:48:45,11:48:45,0.4,stop,-5.0,-105.0
2026-06-23,long,11:49:00,11:49:02,2.4,stop,-5.0,-105.0
2026-06-23,short,11:49:15,11:49:23,8.5,target,10.0,195.0
2026-06-23,short,11:49:30,11:49:32,2.4,stop,-5.0,-105.0
2026-06-23,short,11:49:45,11:50:03,18.2,stop,-5.25,-110.0
2026-06-23,short,11:50:15,11:50:33,18.3,stop,-5.0,-105.0
2026-06-23,long,11:50:45,11:50:51,6.0,stop,-5.0,-105.0
2026-06-23,short,11:51:00,11:51:04,3.9,stop,-5.0,-105.0
2026-06-23,short,11:51:15,11:51:17,1.8,stop,-5.0,-105.0
2026-06-23,long,11:51:30,11:51:35,4.9,target,10.0,195.0
2026-06-23,long,11:51:45,11:51:52,7.7,target,10.0,195.0
2026-06-23,long,11:52:00,11:52:15,15.0,jev,1.0,15.0
2026-06-23,short,11:52:15,11:52:20,5.3,stop,-5.0,-105.0
2026-06-23,long,11:52:30,11:53:02,32.3,target,10.0,195.0
2026-06-23,long,11:53:15,11:53:34,19.3,stop,-5.5,-115.0
2026-06-23,short,11:53:45,11:53:45,0.5,stop,-5.0,-105.0
2026-06-23,long,11:54:00,11:54:15,15.0,jev,3.5,65.0
2026-06-23,short,11:54:15,11:54:17,2.2,stop,-5.0,-105.0
2026-06-23,long,11:54:30,11:54:31,1.5,stop,-5.25,-110.0
2026-06-23,short,11:54:45,11:54:50,4.8,stop,-5.0,-105.0
2026-06-23,short,11:55:00,11:55:03,2.9,target,10.0,195.0
2026-06-23,short,11:55:15,11:55:22,7.5,target,10.0,195.0
2026-06-23,short,11:55:30,11:55:50,20.1,stop,-5.0,-105.0
2026-06-23,long,11:56:00,11:56:15,15.0,jev,-3.25,-70.0
2026-06-23,short,11:56:15,11:56:32,16.9,stop,-5.0,-105.0
2026-06-23,long,11:56:45,11:56:49,4.0,stop,-5.0,-105.0
2026-06-23,short,11:57:00,11:57:00,0.5,stop,-5.0,-105.0
2026-06-23,short,11:57:15,11:57:19,4.2,stop,-5.25,-110.0
2026-06-23,long,11:57:30,11:57:49,19.3,target,10.0,195.0
2026-06-23,long,11:58:00,11:58:08,8.4,stop,-5.0,-105.0
2026-06-23,long,11:58:15,11:58:17,2.8,stop,-5.0,-105.0
2026-06-23,long,11:58:30,11:58:41,10.8,stop,-5.0,-105.0
2026-06-23,short,11:58:45,11:59:05,20.8,target,10.0,195.0
2026-06-23,short,11:59:15,11:59:19,4.3,stop,-5.0,-105.0
2026-06-23,long,11:59:30,11:59:45,15.0,jev,1.0,15.0
2026-06-23,short,11:59:45,11:59:48,2.9,stop,-5.0,-105.0
2026-06-23,long,12:00:00,12:00:03,3.1,stop,-5.25,-110.0
2026-06-23,short,12:00:15,12:00:16,1.2,stop,-5.0,-105.0
2026-06-23,long,12:00:30,12:00:40,9.9,target,10.0,195.0
2026-06-23,long,12:00:45,12:01:06,21.2,target,10.0,195.0
2026-06-23,long,12:01:15,12:01:31,16.5,target,10.0,195.0
2026-06-23,long,12:01:45,12:01:48,2.8,stop,-5.0,-105.0
2026-06-23,short,12:02:00,12:02:03,3.4,stop,-5.0,-105.0
2026-06-23,long,12:02:15,12:02:30,15.0,jev,-0.5,-15.0
2026-06-23,short,12:02:30,12:02:52,22.3,target,10.0,195.0
2026-06-23,short,12:03:00,12:03:02,1.9,stop,-5.0,-105.0
2026-06-23,long,12:03:15,12:03:24,8.8,stop,-5.25,-110.0
2026-06-23,long,12:03:30,12:03:39,9.3,stop,-5.0,-105.0
2026-06-23,short,12:03:45,12:03:45,0.3,stop,-5.0,-105.0
2026-06-23,long,12:04:00,12:04:01,1.4,stop,-5.0,-105.0
2026-06-23,short,12:04:15,12:04:20,5.7,stop,-5.0,-105.0
2026-06-23,long,12:04:30,12:04:32,2.5,stop,-5.75,-120.0
2026-06-23,short,12:04:45,12:04:47,2.6,stop,-5.0,-105.0
2026-06-23,long,12:05:00,12:05:13,12.9,target,10.0,195.0
2026-06-23,long,12:05:15,12:05:33,17.9,target,10.0,195.0
2026-06-23,long,12:05:45,12:05:53,8.0,stop,-5.0,-105.0
2026-06-23,short,12:06:00,12:06:06,6.3,target,10.0,195.0
2026-06-23,short,12:06:15,12:06:23,8.0,stop,-5.0,-105.0
2026-06-23,short,12:06:30,12:06:33,3.5,stop,-5.0,-105.0
2026-06-23,short,12:06:45,12:06:50,5.3,stop,-5.0,-105.0
2026-06-23,long,12:07:00,12:07:04,4.6,stop,-5.0,-105.0
2026-06-23,short,12:07:15,12:07:19,4.6,stop,-5.25,-110.0
2026-06-23,long,12:07:30,12:07:32,2.1,stop,-5.0,-105.0
2026-06-23,short,12:07:45,12:08:14,29.3,target,10.0,195.0
2026-06-23,short,12:08:15,12:08:21,5.9,stop,-5.0,-105.0
2026-06-23,long,12:08:30,12:08:35,4.9,stop,-5.0,-105.0
2026-06-23,long,12:08:45,12:09:02,17.4,target,10.0,195.0
2026-06-23,short,12:09:15,12:09:18,3.5,stop,-5.0,-105.0
2026-06-23,long,12:09:30,12:09:34,4.5,stop,-5.25,-110.0
2026-06-23,long,12:09:45,12:09:57,11.8,target,10.0,195.0
2026-06-23,short,12:10:00,12:10:02,2.0,stop,-5.0,-105.0
2026-06-23,long,12:10:15,12:10:16,1.0,stop,-5.0,-105.0
2026-06-23,long,12:10:30,12:10:52,22.1,stop,-5.0,-105.0
2026-06-23,short,12:11:00,12:11:09,8.8,stop,-5.0,-105.0
2026-06-23,short,12:11:15,12:11:26,11.4,stop,-5.0,-105.0
2026-06-23,long,12:11:30,12:11:42,12.4,target,10.0,195.0
2026-06-23,long,12:11:45,12:11:46,1.6,stop,-5.0,-105.0
2026-06-23,long,12:12:00,12:12:15,15.0,jev,-4.25,-90.0
2026-06-23,short,12:12:15,12:12:24,8.9,stop,-5.0,-105.0
2026-06-23,short,12:12:30,12:12:32,2.6,stop,-5.0,-105.0
2026-06-23,long,12:12:45,12:12:45,0.4,stop,-5.0,-105.0
2026-06-23,short,12:13:00,12:13:01,1.3,stop,-5.0,-105.0
2026-06-23,short,12:13:15,12:13:30,15.2,stop,-5.0,-105.0
2026-06-23,short,12:13:45,12:14:00,15.6,target,10.0,195.0
2026-06-23,short,12:14:15,12:14:29,14.4,stop,-5.25,-110.0
2026-06-23,long,12:14:30,12:14:45,14.8,stop,-5.25,-110.0
2026-06-23,short,12:14:45,12:15:01,16.8,stop,-5.0,-105.0
2026-06-23,short,12:15:15,12:15:18,3.5,stop,-5.0,-105.0
2026-06-23,short,12:15:30,12:15:33,3.0,stop,-5.0,-105.0
2026-06-23,long,12:15:45,12:15:49,4.5,stop,-5.0,-105.0
2026-06-23,short,12:16:00,12:16:08,7.8,stop,-5.0,-105.0
2026-06-23,short,12:16:15,12:16:22,7.7,stop,-5.0,-105.0
2026-06-23,short,12:16:30,12:16:46,16.6,target,10.0,195.0
2026-06-23,short,12:17:00,12:17:16,16.0,target,10.0,195.0
2026-06-23,short,12:17:30,12:18:14,44.2,stop,-5.0,-105.0
2026-06-23,long,12:18:15,12:18:19,4.4,stop,-5.0,-105.0
2026-06-23,long,12:18:30,12:18:45,15.0,jev,-1.5,-35.0
2026-06-23,short,12:18:45,12:19:02,17.2,target,10.0,195.0
2026-06-23,long,12:19:15,12:19:17,2.3,stop,-5.0,-105.0
2026-06-23,short,12:19:30,12:19:33,3.4,target,10.0,195.0
2026-06-23,short,12:19:45,12:19:56,11.2,stop,-5.0,-105.0
2026-06-23,short,12:20:00,12:20:02,2.1,target,10.0,195.0
2026-06-23,short,12:20:15,12:20:35,19.8,target,10.0,195.0
2026-06-23,short,12:20:45,12:20:47,2.3,stop,-5.0,-105.0
2026-06-23,short,12:21:00,12:21:01,0.8,stop,-5.0,-105.0
2026-06-23,long,12:21:15,12:21:28,13.3,target,10.0,195.0
2026-06-23,long,12:21:30,12:21:31,1.4,stop,-5.0,-105.0
2026-06-23,short,12:21:45,12:21:50,5.7,stop,-5.0,-105.0
2026-06-23,long,12:22:00,12:22:12,12.3,target,10.0,195.0
2026-06-23,long,12:22:15,12:22:16,1.6,stop,-5.0,-105.0
2026-06-23,short,12:22:30,12:22:38,8.0,stop,-5.0,-105.0
2026-06-23,long,12:22:45,12:23:02,17.3,target,10.0,195.0
2026-06-23,long,12:23:15,12:23:42,26.8,target,10.0,195.0
2026-06-23,long,12:23:45,12:24:10,25.4,stop,-5.0,-105.0
2026-06-23,short,12:24:15,12:24:20,5.4,stop,-5.25,-110.0
2026-06-23,long,12:24:30,12:25:00,30.0,jev,-1.75,-40.0
2026-06-23,short,12:25:00,12:25:15,15.0,jev,-0.0,-5.0
2026-06-23,long,12:25:15,12:25:30,15.0,jev,-3.0,-65.0
2026-06-23,short,12:25:30,12:25:49,19.5,target,10.0,195.0
2026-06-23,short,12:26:00,12:26:30,30.0,jev,3.25,60.0
2026-06-23,long,12:26:30,12:26:32,2.0,stop,-5.0,-105.0
2026-06-23,short,12:26:45,12:27:02,17.3,target,10.0,195.0
2026-06-23,short,12:27:15,12:27:22,6.8,stop,-5.0,-105.0
2026-06-23,short,12:27:30,12:27:39,9.4,stop,-5.0,-105.0
2026-06-23,long,12:27:45,12:28:04,19.2,target,10.0,195.0
2026-06-23,long,12:28:15,12:28:30,15.0,jev,-4.25,-90.0
2026-06-23,short,12:28:30,12:28:31,1.0,stop,-5.25,-110.0
2026-06-23,long,12:28:45,12:29:00,15.0,jev,-2.5,-55.0
2026-06-23,short,12:29:00,12:29:08,8.3,stop,-5.0,-105.0
2026-06-23,long,12:29:15,12:29:16,1.5,stop,-5.0,-105.0
2026-06-23,long,12:29:30,12:29:35,5.5,stop,-5.0,-105.0
2026-06-23,short,12:29:45,12:30:02,17.0,target,10.0,195.0
2026-06-23,long,12:30:15,12:30:44,29.7,stop,-5.0,-105.0
2026-06-23,short,12:30:45,12:31:02,17.5,target,10.0,195.0
2026-06-23,short,12:31:15,12:31:17,2.4,stop,-5.0,-105.0
2026-06-23,long,12:31:30,12:31:45,15.0,jev,-0.25,-10.0
2026-06-23,short,12:31:45,12:31:46,1.5,stop,-5.0,-105.0
2026-06-23,long,12:32:00,12:32:06,6.3,stop,-5.25,-110.0
2026-06-23,short,12:32:15,12:32:41,26.6,stop,-5.0,-105.0
2026-06-23,long,12:32:45,12:32:47,2.3,stop,-5.0,-105.0
2026-06-23,short,12:33:00,12:33:05,5.5,stop,-5.75,-120.0
2026-06-23,long,12:33:15,12:33:26,11.5,stop,-5.0,-105.0
2026-06-23,short,12:33:30,12:34:18,48.3,target,10.0,195.0
2026-06-23,short,12:34:30,12:35:05,34.8,stop,-5.5,-115.0
2026-06-23,long,12:35:15,12:35:28,12.9,stop,-5.0,-105.0
2026-06-23,short,12:35:30,12:35:43,13.5,target,10.0,195.0
2026-06-23,short,12:35:45,12:35:48,3.3,stop,-5.0,-105.0
2026-06-23,long,12:36:00,12:36:19,19.6,target,10.0,195.0
2026-06-23,long,12:36:30,12:36:32,2.3,stop,-5.0,-105.0
2026-06-23,short,12:36:45,12:37:04,19.3,stop,-5.0,-105.0
2026-06-23,long,12:37:15,12:37:22,7.0,stop,-5.0,-105.0
2026-06-23,short,12:37:30,12:37:41,11.3,target,10.0,195.0
2026-06-23,short,12:37:45,12:37:51,6.4,stop,-5.0,-105.0
2026-06-23,long,12:38:00,12:38:32,31.8,stop,-5.0,-105.0
2026-06-23,short,12:38:45,12:39:05,20.2,stop,-5.0,-105.0
2026-06-23,short,12:39:30,12:39:38,7.8,stop,-5.0,-105.0
2026-06-23,long,12:39:45,12:40:08,23.7,target,10.0,195.0
2026-06-23,long,12:40:15,12:40:45,30.1,jev,-1.75,-40.0
2026-06-23,short,12:40:45,12:40:46,0.9,stop,-5.0,-105.0
2026-06-23,long,12:41:00,12:41:37,37.4,target,10.0,195.0
2026-06-23,long,12:41:45,12:41:52,7.4,stop,-5.0,-105.0
2026-06-23,short,12:42:00,12:42:35,34.9,target,10.0,195.0
2026-06-23,short,12:42:45,12:43:15,29.9,jev,1.5,25.0
2026-06-23,long,12:43:15,12:43:38,23.1,stop,-5.0,-105.0
2026-06-23,short,12:43:45,12:44:03,18.1,stop,-5.0,-105.0
2026-06-23,long,12:44:15,12:44:30,15.0,jev,-1.0,-25.0
2026-06-23,short,12:44:30,12:44:44,13.8,stop,-5.25,-110.0
2026-06-23,long,12:44:45,12:44:46,1.0,stop,-5.25,-110.0
2026-06-23,long,12:45:00,12:45:10,10.3,stop,-5.0,-105.0
2026-06-23,short,12:45:15,12:45:16,1.1,stop,-5.0,-105.0
2026-06-23,short,12:45:30,12:45:40,10.0,stop,-5.0,-105.0
2026-06-23,short,12:45:45,12:45:48,2.9,stop,-5.25,-110.0
2026-06-23,short,12:46:00,12:46:13,13.2,target,10.0,195.0
2026-06-23,short,12:46:15,12:46:16,1.4,stop,-5.0,-105.0
2026-06-23,long,12:46:30,12:46:45,15.0,jev,-2.5,-55.0
2026-06-23,short,12:46:45,12:47:02,16.9,target,10.0,195.0
2026-06-23,short,12:47:15,12:47:42,27.4,stop,-5.0,-105.0
2026-06-23,long,12:47:45,12:48:00,15.0,jev,-2.25,-50.0
2026-06-23,short,12:48:00,12:48:08,8.1,stop,-5.0,-105.0
2026-06-23,long,12:48:15,12:48:17,2.2,stop,-5.0,-105.0
2026-06-23,short,12:48:30,12:48:33,3.3,stop,-5.0,-105.0
2026-06-23,short,12:48:45,12:48:53,7.8,stop,-5.0,-105.0
2026-06-23,short,12:49:00,12:49:07,7.5,stop,-5.0,-105.0
2026-06-23,short,12:49:15,12:49:20,4.9,stop,-5.0,-105.0
2026-06-23,short,12:49:30,12:49:37,6.8,stop,-5.0,-105.0
2026-06-23,long,12:49:45,12:50:09,24.4,stop,-5.0,-105.0
2026-06-23,short,12:50:15,12:50:45,30.0,jev,-2.75,-60.0
2026-06-23,long,12:50:45,12:50:46,1.5,stop,-5.0,-105.0
2026-06-23,short,12:51:00,12:51:02,2.0,stop,-5.0,-105.0
2026-06-23,short,12:51:15,12:51:23,8.5,stop,-5.25,-110.0
2026-06-23,short,12:51:30,12:51:32,1.8,stop,-5.0,-105.0
2026-06-23,long,12:51:45,12:52:00,15.1,jev,-3.5,-75.0
2026-06-23,short,12:52:00,12:52:02,2.2,stop,-5.0,-105.0
2026-06-23,long,12:52:15,12:52:18,2.9,stop,-5.0,-105.0
2026-06-23,long,12:52:30,12:52:45,15.0,jev,2.0,35.0
2026-06-23,short,12:52:45,12:52:49,4.2,stop,-5.0,-105.0
2026-06-23,short,12:53:00,12:53:24,24.2,target,10.0,195.0
2026-06-23,short,12:53:30,12:53:36,6.3,stop,-5.0,-105.0
2026-06-23,long,12:53:45,12:53:49,4.2,stop,-5.0,-105.0
2026-06-23,short,12:54:00,12:54:15,15.0,jev,-1.0,-25.0
2026-06-23,long,12:54:15,12:54:31,16.3,stop,-5.0,-105.0
2026-06-23,short,12:54:45,12:54:58,12.9,stop,-5.25,-110.0
2026-06-23,long,12:55:00,12:55:26,26.4,stop,-5.0,-105.0
2026-06-23,short,12:55:30,12:56:07,37.4,stop,-5.0,-105.0
2026-06-23,long,12:56:15,12:56:16,1.0,stop,-5.0,-105.0
2026-06-23,long,12:56:30,12:56:44,14.7,stop,-5.0,-105.0
2026-06-23,short,12:56:45,12:57:45,60.0,jev,-0.75,-20.0
2026-06-23,long,12:57:45,12:58:00,15.0,jev,1.25,20.0
2026-06-23,short,12:58:00,12:58:09,9.1,stop,-5.0,-105.0
2026-06-23,long,12:58:15,12:58:18,2.8,stop,-5.0,-105.0
2026-06-23,long,12:58:30,12:58:45,15.0,jev,-1.75,-40.0
2026-06-23,short,12:58:45,12:58:47,2.4,stop,-5.0,-105.0
2026-06-23,long,12:59:00,12:59:09,9.1,target,10.0,195.0
2026-06-23,long,12:59:15,12:59:45,30.0,jev,-2.0,-45.0
2026-06-23,short,12:59:45,13:00:01,16.4,target,10.0,195.0
2026-06-23,short,13:00:15,13:00:29,13.8,stop,-5.0,-105.0
2026-06-23,long,13:00:30,13:00:34,4.3,stop,-5.25,-110.0
2026-06-23,short,13:00:45,13:00:57,12.2,stop,-5.0,-105.0
2026-06-23,short,13:01:00,13:01:01,1.7,stop,-5.0,-105.0
2026-06-23,short,13:01:15,13:01:15,0.7,stop,-5.0,-105.0
2026-06-23,short,13:01:30,13:01:38,8.5,stop,-5.0,-105.0
2026-06-23,short,13:01:45,13:01:46,1.6,stop,-5.5,-115.0
2026-06-23,long,13:02:00,13:02:06,6.7,stop,-5.25,-110.0
2026-06-23,short,13:02:15,13:02:19,3.8,target,10.0,195.0
2026-06-23,short,13:02:30,13:02:35,5.1,stop,-5.25,-110.0
2026-06-23,short,13:02:45,13:03:12,27.3,target,10.0,195.0
2026-06-23,short,13:03:15,13:03:30,15.0,jev,-0.5,-15.0
2026-06-23,long,13:03:30,13:03:41,10.8,stop,-5.0,-105.0
2026-06-23,short,13:03:45,13:04:30,45.0,jev,1.5,25.0
2026-06-23,long,13:04:30,13:04:35,5.0,stop,-5.0,-105.0
2026-06-23,short,13:04:45,13:04:52,7.4,stop,-5.0,-105.0
2026-06-23,long,13:05:00,13:05:23,22.9,stop,-5.0,-105.0
2026-06-23,short,13:05:30,13:07:07,97.5,stop,-5.25,-110.0
2026-06-23,long,13:07:15,13:07:26,11.1,stop,-5.0,-105.0
2026-06-23,short,13:07:30,13:07:33,2.9,stop,-5.0,-105.0
2026-06-23,short,13:07:45,13:08:12,27.0,target,10.0,195.0
2026-06-23,short,13:08:15,13:08:18,3.0,stop,-5.25,-110.0
2026-06-23,long,13:08:30,13:09:00,30.0,jev,-3.5,-75.0
2026-06-23,short,13:09:00,13:09:10,10.1,stop,-5.0,-105.0
2026-06-23,long,13:09:15,13:10:06,51.1,target,10.0,195.0
2026-06-23,long,13:10:15,13:10:22,7.1,target,10.0,195.0
2026-06-23,long,13:10:30,13:10:49,19.6,target,10.0,195.0
2026-06-23,long,13:11:00,13:11:15,14.8,target,10.0,195.0
2026-06-23,long,13:11:30,13:11:43,13.7,target,10.0,195.0
2026-06-23,long,13:11:45,13:11:46,0.8,stop,-5.0,-105.0
2026-06-23,long,13:12:00,13:12:01,1.6,stop,-5.0,-105.0
2026-06-23,short,13:12:15,13:12:43,28.0,stop,-5.5,-115.0
2026-06-23,long,13:12:45,13:12:51,5.9,stop,-5.0,-105.0
2026-06-23,short,13:13:00,13:13:11,10.8,stop,-5.0,-105.0
2026-06-23,long,13:13:15,13:13:16,1.1,stop,-5.0,-105.0
2026-06-23,short,13:13:30,13:14:14,44.4,stop,-5.0,-105.0
2026-06-23,long,13:14:15,13:14:17,2.6,stop,-5.0,-105.0
2026-06-23,short,13:14:30,13:14:39,9.1,target,10.0,195.0
2026-06-23,short,13:14:45,13:15:09,24.5,stop,-5.25,-110.0
2026-06-23,short,13:15:15,13:15:34,19.2,stop,-5.0,-105.0
2026-06-23,short,13:15:45,13:15:57,12.2,stop,-5.0,-105.0
2026-06-23,short,13:16:00,13:16:06,6.1,target,10.0,195.0
2026-06-23,short,13:16:15,13:16:16,1.3,stop,-5.0,-105.0
2026-06-23,long,13:16:30,13:16:45,14.9,jev,-1.0,-25.0
2026-06-23,short,13:16:45,13:17:05,20.4,target,10.0,195.0
2026-06-23,short,13:17:15,13:17:16,1.3,stop,-5.25,-110.0
2026-06-23,short,13:17:30,13:17:36,6.7,target,10.0,195.0
2026-06-23,short,13:17:45,13:18:01,16.4,stop,-5.25,-110.0
2026-06-23,long,13:18:15,13:18:21,6.1,stop,-5.25,-110.0
2026-06-23,short,13:18:30,13:18:34,4.5,stop,-5.0,-105.0
2026-06-23,long,13:18:45,13:18:48,3.5,stop,-5.25,-110.0
2026-06-23,long,13:19:00,13:19:04,3.9,stop,-5.0,-105.0
2026-06-23,short,13:19:15,13:19:45,30.0,jev,-2.75,-60.0
2026-06-23,long,13:19:45,13:20:00,15.0,jev,1.5,25.0
2026-06-23,short,13:20:00,13:20:02,1.9,stop,-5.5,-115.0
2026-06-23,short,13:20:15,13:20:34,18.8,stop,-5.0,-105.0
2026-06-23,long,13:20:45,13:20:48,3.5,target,10.0,195.0
2026-06-23,long,13:21:00,13:21:07,7.7,target,10.0,195.0
2026-06-23,long,13:21:15,13:21:17,2.2,stop,-5.0,-105.0
2026-06-23,long,13:21:30,13:21:33,3.5,target,10.0,195.0
2026-06-23,long,13:21:45,13:21:46,1.3,stop,-5.0,-105.0
2026-06-23,short,13:22:00,13:22:30,30.0,jev,2.75,50.0
2026-06-23,long,13:22:30,13:22:45,15.0,jev,1.75,30.0
2026-06-23,short,13:22:45,13:23:08,23.2,stop,-5.0,-105.0
2026-06-23,long,13:23:15,13:23:30,15.0,jev,-1.0,-25.0
2026-06-23,short,13:23:30,13:23:32,2.6,stop,-5.0,-105.0
2026-06-23,long,13:23:45,13:24:00,15.0,jev,-3.25,-70.0
2026-06-23,short,13:24:00,13:24:02,2.0,stop,-5.0,-105.0
2026-06-23,long,13:24:15,13:24:45,29.9,jev,-1.5,-35.0
2026-06-23,short,13:24:45,13:25:04,19.1,target,10.0,195.0
2026-06-23,short,13:25:15,13:25:24,9.7,stop,-5.0,-105.0
2026-06-23,short,13:25:30,13:25:44,14.7,target,10.0,195.0
2026-06-23,short,13:25:45,13:25:54,9.7,stop,-5.0,-105.0
2026-06-23,short,13:26:00,13:26:31,30.8,target,10.0,195.0
2026-06-23,short,13:26:45,13:26:59,14.7,stop,-5.0,-105.0
2026-06-23,long,13:27:00,13:27:30,30.0,jev,2.5,45.0
2026-06-23,short,13:27:30,13:27:31,1.4,stop,-5.0,-105.0
2026-06-23,long,13:27:45,13:28:00,15.0,jev,-1.75,-40.0
2026-06-23,short,13:28:00,13:28:06,6.6,stop,-5.25,-110.0
2026-06-23,long,13:28:15,13:28:21,6.1,stop,-5.0,-105.0
2026-06-23,long,13:28:30,13:28:57,27.3,stop,-5.0,-105.0
2026-06-23,short,13:29:00,13:29:31,31.0,target,10.0,195.0
2026-06-23,short,13:29:45,13:29:52,7.1,stop,-5.0,-105.0
2026-06-23,short,13:30:00,13:30:11,11.2,target,10.0,195.0
2026-06-23,short,13:30:15,13:30:37,22.6,target,10.0,195.0
2026-06-23,short,13:30:45,13:30:51,5.8,stop,-5.0,-105.0
2026-06-23,long,13:31:00,13:31:15,15.0,jev,-2.5,-55.0
2026-06-23,short,13:31:15,13:31:32,17.3,target,10.0,195.0
2026-06-23,long,13:31:45,13:32:00,15.0,jev,0.5,5.0
2026-06-23,short,13:32:00,13:32:03,3.7,stop,-5.0,-105.0
2026-06-23,short,13:32:15,13:32:22,7.5,stop,-5.0,-105.0
2026-06-23,long,13:32:30,13:32:40,10.7,target,10.0,195.0
2026-06-23,long,13:32:45,13:33:01,16.3,target,10.0,195.0
2026-06-23,long,13:33:15,13:33:16,1.4,stop,-5.0,-105.0
2026-06-23,short,13:33:30,13:33:45,15.0,jev,1.25,20.0
2026-06-23,long,13:33:45,13:34:04,19.2,stop,-5.0,-105.0
2026-06-23,short,13:34:15,13:34:27,12.0,stop,-5.0,-105.0
2026-06-23,long,13:34:30,13:34:41,11.2,target,10.0,195.0
2026-06-23,long,13:34:45,13:35:07,21.8,target,10.0,195.0
2026-06-23,long,13:35:15,13:35:19,4.0,stop,-5.0,-105.0
2026-06-23,long,13:35:30,13:35:30,0.6,stop,-5.0,-105.0
2026-06-23,short,13:35:45,13:35:47,1.9,stop,-5.25,-110.0
2026-06-23,long,13:36:00,13:36:12,12.3,stop,-5.0,-105.0
2026-06-23,short,13:36:15,13:36:19,4.3,stop,-5.25,-110.0
2026-06-23,long,13:36:30,13:36:36,6.6,stop,-5.0,-105.0
2026-06-23,short,13:36:45,13:36:51,6.3,stop,-5.0,-105.0
2026-06-23,long,13:37:00,13:37:16,16.5,stop,-5.0,-105.0
2026-06-23,short,13:37:30,13:37:34,4.2,target,10.0,195.0
2026-06-23,short,13:37:45,13:38:29,44.5,target,10.0,195.0
2026-06-23,short,13:38:30,13:38:39,9.0,stop,-5.0,-105.0
2026-06-23,short,13:38:45,13:38:52,7.5,stop,-5.0,-105.0
2026-06-23,short,13:39:15,13:40:15,60.0,jev,5.0,95.0
2026-06-23,long,13:40:15,13:40:18,3.3,stop,-5.0,-105.0
2026-06-23,long,13:40:30,13:40:33,2.9,stop,-5.0,-105.0
2026-06-23,short,13:40:45,13:41:04,19.0,target,10.0,195.0
2026-06-23,short,13:41:15,13:41:27,12.3,stop,-5.0,-105.0
2026-06-23,short,13:41:30,13:41:44,14.1,stop,-5.0,-105.0
2026-06-23,short,13:41:45,13:42:05,20.2,target,10.0,195.0
2026-06-23,short,13:42:15,13:43:00,45.1,jev,-1.75,-40.0
2026-06-23,long,13:43:00,13:43:43,42.9,stop,-5.0,-105.0
2026-06-23,short,13:43:45,13:44:39,54.4,stop,-5.0,-105.0
2026-06-23,long,13:44:45,13:44:58,12.8,stop,-5.0,-105.0
2026-06-23,short,13:45:00,13:45:11,11.3,stop,-5.0,-105.0
2026-06-23,short,13:45:15,13:45:22,7.1,stop,-5.0,-105.0
2026-06-23,long,13:45:30,13:45:45,14.9,jev,-0.25,-10.0
2026-06-23,short,13:45:45,13:46:17,32.8,target,10.0,195.0
2026-06-23,short,13:46:30,13:47:22,52.3,target,10.0,195.0
2026-06-23,short,13:47:30,13:48:00,30.0,jev,-1.75,-40.0
2026-06-23,long,13:48:00,13:48:06,6.2,stop,-5.25,-110.0
2026-06-23,short,13:48:15,13:48:26,11.5,stop,-5.0,-105.0
2026-06-23,long,13:48:30,13:48:45,15.0,jev,-2.75,-60.0
2026-06-23,short,13:48:45,13:48:51,6.3,stop,-5.25,-110.0
2026-06-23,short,13:49:00,13:49:01,1.5,stop,-5.0,-105.0
2026-06-23,long,13:49:15,13:49:47,32.7,stop,-5.0,-105.0
2026-06-23,short,13:50:00,13:50:13,13.0,target,10.0,195.0
2026-06-23,short,13:50:15,13:51:08,52.9,target,10.0,195.0
2026-06-23,short,13:51:15,13:51:25,10.6,stop,-5.0,-105.0
2026-06-23,long,13:51:30,13:51:45,14.9,jev,0.5,5.0
2026-06-23,short,13:51:45,13:52:35,50.1,target,10.0,195.0
2026-06-23,short,13:52:45,13:53:16,31.1,target,10.0,195.0
2026-06-23,short,13:53:30,13:54:02,32.3,target,10.0,195.0
2026-06-23,long,13:54:15,13:54:16,1.8,stop,-5.0,-105.0
2026-06-23,short,13:54:30,13:54:37,7.3,target,10.0,195.0
2026-06-23,short,13:54:45,13:54:52,6.8,stop,-5.0,-105.0
2026-06-23,short,13:55:00,13:55:07,7.5,stop,-5.0,-105.0
2026-06-23,long,13:55:15,13:55:16,1.1,stop,-5.0,-105.0
2026-06-23,short,13:55:30,13:55:41,11.7,target,10.0,195.0
2026-06-23,short,13:55:45,13:55:50,5.2,stop,-5.0,-105.0
2026-06-23,long,13:56:00,13:56:02,1.9,stop,-5.0,-105.0
2026-06-23,short,13:56:15,13:56:20,4.9,stop,-5.25,-110.0
2026-06-23,short,13:56:30,13:56:31,1.3,stop,-5.0,-105.0
2026-06-23,short,13:56:45,13:57:01,16.1,stop,-5.25,-110.0
2026-06-23,long,13:57:15,13:57:16,0.8,stop,-5.0,-105.0
2026-06-23,short,13:57:30,13:57:31,1.7,stop,-5.0,-105.0
2026-06-23,long,13:57:45,13:58:00,15.0,jev,1.5,25.0
2026-06-23,short,13:58:00,13:58:03,3.4,stop,-5.0,-105.0
2026-06-23,short,13:58:15,13:58:30,15.0,jev,-0.75,-20.0
2026-06-23,long,13:58:30,13:58:40,10.1,stop,-5.0,-105.0
2026-06-23,short,13:58:45,13:59:05,20.0,stop,-5.0,-105.0
2026-06-23,long,13:59:15,13:59:30,15.0,jev,-3.25,-70.0
2026-06-23,short,13:59:30,14:00:03,32.8,target,10.0,195.0
2026-06-23,short,14:00:15,14:00:22,6.8,stop,-5.0,-105.0
2026-06-23,long,14:00:30,14:00:35,5.6,stop,-5.0,-105.0
2026-06-23,long,14:00:45,14:00:59,14.7,target,10.0,195.0
2026-06-23,long,14:01:00,14:01:03,2.8,stop,-5.0,-105.0
2026-06-23,long,14:01:15,14:01:16,1.6,stop,-5.0,-105.0
2026-06-23,long,14:01:30,14:02:00,30.0,jev,3.5,65.0
2026-06-23,short,14:02:00,14:02:11,11.0,stop,-5.0,-105.0
2026-06-23,long,14:02:15,14:02:16,1.3,stop,-5.0,-105.0
2026-06-23,short,14:02:30,14:02:51,21.6,target,10.0,195.0
2026-06-23,short,14:03:00,14:03:31,31.1,stop,-5.25,-110.0
2026-06-23,short,14:03:45,14:03:59,14.4,stop,-5.0,-105.0
2026-06-23,short,14:04:00,14:05:07,67.7,target,10.0,195.0
2026-06-23,short,14:05:15,14:06:06,51.7,stop,-5.0,-105.0
2026-06-23,long,14:06:15,14:06:29,13.8,stop,-5.25,-110.0
2026-06-23,short,14:06:30,14:06:31,0.8,stop,-5.0,-105.0
2026-06-23,short,14:06:45,14:07:24,39.6,target,10.0,195.0
2026-06-23,short,14:07:30,14:07:56,26.2,target,10.0,195.0
2026-06-23,short,14:08:00,14:08:02,2.2,stop,-5.0,-105.0
2026-06-23,short,14:08:15,14:08:16,1.6,stop,-5.25,-110.0
2026-06-23,long,14:08:30,14:09:09,39.0,target,10.0,195.0
2026-06-23,long,14:09:15,14:09:30,15.0,jev,-1.0,-25.0
2026-06-23,short,14:09:30,14:09:40,9.9,stop,-5.0,-105.0
2026-06-23,long,14:09:45,14:10:08,23.1,target,10.0,195.0
2026-06-23,long,14:10:15,14:11:15,59.9,jev,4.0,75.0
2026-06-23,short,14:11:15,14:11:22,7.3,stop,-5.25,-110.0
2026-06-23,long,14:11:30,14:11:32,2.2,stop,-5.0,-105.0
2026-06-23,long,14:11:45,14:12:00,15.0,jev,-1.5,-35.0
2026-06-23,short,14:12:00,14:12:02,1.8,stop,-5.0,-105.0
2026-06-23,short,14:12:15,14:12:19,4.2,stop,-5.0,-105.0
2026-06-23,long,14:12:30,14:12:32,1.9,stop,-5.0,-105.0
2026-06-23,short,14:12:45,14:13:24,38.9,stop,-5.0,-105.0
2026-06-23,long,14:13:30,14:13:35,5.5,stop,-5.0,-105.0
2026-06-23,short,14:13:45,14:14:06,21.5,stop,-5.0,-105.0
2026-06-23,long,14:14:15,14:15:00,45.0,jev,-2.75,-60.0
2026-06-23,short,14:15:00,14:15:05,4.8,stop,-5.0,-105.0
2026-06-23,long,14:15:15,14:15:38,23.0,stop,-5.0,-105.0
2026-06-23,long,14:15:45,14:16:00,15.0,jev,-0.25,-10.0
2026-06-23,short,14:16:00,14:16:02,2.7,stop,-5.0,-105.0
2026-06-23,short,14:16:15,14:16:51,36.7,target,10.0,195.0
2026-06-23,short,14:17:00,14:19:30,150.0,jev,5.0,95.0
2026-06-23,long,14:19:30,14:20:14,44.3,stop,-5.0,-105.0
2026-06-23,short,14:20:15,14:20:30,14.9,jev,-1.75,-40.0
2026-06-23,long,14:20:30,14:20:47,17.2,stop,-5.25,-110.0
2026-06-23,short,14:21:00,14:21:22,22.3,stop,-5.0,-105.0
2026-06-23,long,14:21:30,14:22:00,30.0,jev,0.5,5.0
2026-06-23,short,14:22:00,14:22:02,2.2,stop,-5.0,-105.0
2026-06-23,long,14:22:15,14:22:18,3.6,stop,-5.0,-105.0
2026-06-23,long,14:22:30,14:23:04,34.2,target,10.0,195.0
2026-06-23,long,14:23:15,14:23:17,2.6,stop,-5.0,-105.0
2026-06-23,short,14:23:30,14:24:00,30.1,jev,-2.75,-60.0
2026-06-23,long,14:24:00,14:24:15,14.8,jev,-1.0,-25.0
2026-06-23,short,14:24:15,14:24:35,20.0,target,10.0,195.0
2026-06-23,short,14:24:45,14:25:00,15.0,jev,-3.75,-80.0
2026-06-23,long,14:25:00,14:25:01,1.6,stop,-5.0,-105.0
2026-06-23,short,14:25:15,14:25:45,30.0,jev,1.5,25.0
2026-06-23,long,14:25:45,14:26:00,15.0,jev,-1.75,-40.0
2026-06-23,short,14:26:00,14:26:45,45.0,jev,-0.5,-15.0
2026-06-23,long,14:26:45,14:27:00,15.0,jev,-1.75,-40.0
2026-06-23,short,14:27:00,14:27:08,8.1,stop,-5.0,-105.0
2026-06-23,long,14:27:15,14:27:31,16.6,stop,-5.0,-105.0
2026-06-23,short,14:27:45,14:28:32,47.5,stop,-5.0,-105.0
2026-06-23,short,14:28:45,14:28:51,6.4,stop,-5.0,-105.0
2026-06-23,long,14:29:00,14:29:33,33.2,target,10.0,195.0
2026-06-23,short,14:29:45,14:30:03,17.8,target,10.0,195.0
2026-06-23,short,14:30:15,14:30:19,4.1,stop,-5.0,-105.0
2026-06-23,long,14:30:30,14:30:38,8.3,stop,-5.0,-105.0
2026-06-23,short,14:30:45,14:31:20,35.5,stop,-5.0,-105.0
2026-06-23,long,14:31:30,14:31:40,10.6,target,10.0,195.0
2026-06-23,long,14:31:45,14:31:56,11.2,stop,-5.0,-105.0
2026-06-23,short,14:32:00,14:32:06,6.2,stop,-5.0,-105.0
2026-06-23,long,14:32:15,14:32:20,5.4,stop,-5.0,-105.0
2026-06-23,short,14:32:30,14:34:30,120.0,jev,5.0,95.0
2026-06-23,long,14:34:30,14:34:31,1.0,stop,-5.0,-105.0
2026-06-23,short,14:34:45,14:35:08,23.2,stop,-5.0,-105.0
2026-06-23,long,14:35:15,14:35:24,9.0,stop,-5.25,-110.0
2026-06-23,short,14:35:30,14:36:02,32.4,target,10.0,195.0
2026-06-23,short,14:36:15,14:36:18,3.5,stop,-5.0,-105.0
2026-06-23,long,14:36:30,14:36:45,15.0,jev,-3.25,-70.0
2026-06-23,short,14:36:45,14:37:00,15.0,jev,-1.0,-25.0
2026-06-23,long,14:37:00,14:37:11,10.8,stop,-5.0,-105.0
2026-06-23,short,14:37:15,14:37:30,15.0,jev,-3.0,-65.0
2026-06-23,long,14:37:30,14:37:42,12.0,stop,-5.0,-105.0
2026-06-23,short,14:37:45,14:39:03,78.0,target,10.0,195.0
2026-06-23,short,14:39:15,14:39:21,6.0,stop,-5.0,-105.0
2026-06-23,short,14:39:30,14:40:00,30.1,jev,0.25,0.0
2026-06-23,long,14:40:00,14:40:05,5.5,stop,-5.0,-105.0
2026-06-23,short,14:40:15,14:40:55,40.1,target,10.0,195.0
2026-06-23,short,14:41:00,14:41:02,1.8,stop,-5.0,-105.0
2026-06-23,long,14:41:15,14:41:30,15.0,jev,1.5,25.0
2026-06-23,short,14:41:30,14:41:32,1.8,stop,-5.0,-105.0
2026-06-23,long,14:41:45,14:41:48,3.2,stop,-5.0,-105.0
2026-06-23,short,14:42:00,14:42:20,20.0,target,10.0,195.0
2026-06-23,short,14:42:30,14:42:46,16.5,target,10.0,195.0
2026-06-23,short,14:43:00,14:43:05,5.4,stop,-5.0,-105.0
2026-06-23,long,14:43:15,14:43:18,3.3,stop,-5.0,-105.0
2026-06-23,short,14:43:30,14:43:39,9.5,target,10.0,195.0
2026-06-23,short,14:43:45,14:44:15,30.0,jev,3.0,55.0
2026-06-23,long,14:44:15,14:44:19,3.8,stop,-5.0,-105.0
2026-06-23,short,14:44:30,14:44:45,14.9,jev,-2.5,-55.0
2026-06-23,long,14:44:45,14:44:52,7.0,stop,-5.0,-105.0
2026-06-23,short,14:45:00,14:45:02,2.2,stop,-5.0,-105.0
2026-06-23,short,14:45:15,14:45:50,35.5,target,10.0,195.0
2026-06-23,short,14:46:00,14:46:02,2.6,stop,-5.0,-105.0
2026-06-23,short,14:46:15,14:46:23,8.3,stop,-5.0,-105.0
2026-06-23,long,14:46:30,14:46:34,4.0,stop,-5.0,-105.0
2026-06-23,short,14:46:45,14:47:45,60.0,jev,-0.25,-10.0
2026-06-23,long,14:47:45,14:47:49,3.8,stop,-5.0,-105.0
2026-06-23,short,14:48:00,14:48:02,1.8,stop,-5.0,-105.0
2026-06-23,long,14:48:15,14:48:15,0.7,stop,-5.0,-105.0
2026-06-23,long,14:48:30,14:48:40,10.7,target,10.0,195.0
2026-06-23,long,14:48:45,14:49:15,30.0,jev,-3.25,-70.0
2026-06-23,short,14:49:15,14:49:18,3.2,stop,-5.0,-105.0
2026-06-23,long,14:49:30,14:49:37,7.7,stop,-5.0,-105.0
2026-06-23,short,14:49:45,14:49:56,11.6,stop,-5.0,-105.0
2026-06-23,long,14:50:00,14:50:07,7.1,target,10.0,195.0
2026-06-23,long,14:50:15,14:50:16,1.4,stop,-5.0,-105.0
2026-06-23,long,14:50:30,14:50:33,3.6,stop,-5.0,-105.0
2026-06-23,long,14:50:45,14:51:00,15.6,stop,-5.0,-105.0
2026-06-23,short,14:51:15,14:51:16,1.4,stop,-5.25,-110.0
2026-06-23,long,14:51:30,14:51:35,5.7,stop,-5.0,-105.0
2026-06-23,long,14:51:45,14:51:48,3.1,stop,-5.0,-105.0
2026-06-23,short,14:52:00,14:52:03,3.4,stop,-5.0,-105.0
2026-06-23,short,14:52:15,14:52:39,24.7,target,10.0,195.0
2026-06-23,short,14:52:45,14:53:02,17.4,stop,-5.0,-105.0
2026-06-23,short,14:53:15,14:53:26,10.8,stop,-5.0,-105.0
2026-06-23,short,14:53:30,14:53:39,9.4,target,10.0,195.0
2026-06-23,short,14:53:45,14:54:02,16.9,target,10.0,195.0
2026-06-23,short,14:54:15,14:54:45,30.0,jev,-0.75,-20.0
2026-06-23,long,14:54:45,14:54:52,7.0,target,10.0,195.0
2026-06-23,long,14:55:00,14:55:07,7.4,stop,-5.0,-105.0
2026-06-23,short,14:55:15,14:55:30,15.0,jev,4.25,80.0
2026-06-23,long,14:55:30,14:56:00,30.0,jev,2.5,45.0
2026-06-23,short,14:56:00,14:56:01,1.4,stop,-5.0,-105.0
2026-06-23,short,14:56:15,14:56:21,6.5,stop,-5.0,-105.0
2026-06-23,long,14:56:30,14:56:39,9.4,stop,-5.0,-105.0
2026-06-23,short,14:56:45,14:56:48,3.5,stop,-5.0,-105.0
2026-06-23,short,14:57:00,14:57:02,2.2,stop,-5.0,-105.0
2026-06-23,long,14:57:15,14:57:27,12.6,stop,-5.0,-105.0
2026-06-23,short,14:57:30,14:57:41,11.7,stop,-5.0,-105.0
2026-06-23,long,14:57:45,14:58:10,25.4,stop,-5.0,-105.0
2026-06-23,short,14:58:15,14:58:16,1.4,stop,-5.0,-105.0
2026-06-23,long,14:58:30,14:58:49,18.9,target,10.0,195.0
2026-06-23,long,14:59:00,14:59:19,19.4,target,10.0,195.0
2026-06-23,long,14:59:30,14:59:38,8.2,stop,-5.0,-105.0
2026-06-23,short,14:59:45,14:59:49,4.6,target,10.0,195.0
2026-06-23,short,15:00:00,15:00:03,3.0,target,10.0,195.0
2026-06-23,short,15:00:15,15:00:16,1.2,stop,-5.0,-105.0
2026-06-23,long,15:00:30,15:00:36,6.2,target,10.0,195.0
2026-06-23,long,15:00:45,15:00:51,6.3,stop,-5.0,-105.0
2026-06-23,long,15:01:00,15:01:08,8.4,target,10.0,195.0
2026-06-23,long,15:01:15,15:01:16,1.0,stop,-5.0,-105.0
2026-06-23,long,15:01:30,15:01:32,2.2,target,10.0,195.0
2026-06-23,long,15:01:45,15:01:46,1.0,target,10.0,195.0
2026-06-23,long,15:02:00,15:02:06,6.0,stop,-5.0,-105.0
2026-06-23,short,15:02:15,15:02:28,13.6,stop,-5.0,-105.0
2026-06-23,long,15:02:30,15:02:33,3.5,stop,-5.0,-105.0
2026-06-23,short,15:02:45,15:02:50,5.6,stop,-5.0,-105.0
2026-06-23,long,15:03:00,15:03:12,12.0,target,10.0,195.0
2026-06-23,long,15:03:15,15:03:24,8.8,stop,-5.0,-105.0
2026-06-23,long,15:03:30,15:03:37,7.4,stop,-5.0,-105.0
2026-06-23,short,15:03:45,15:03:49,4.0,stop,-5.0,-105.0
2026-06-23,long,15:04:00,15:04:05,5.3,stop,-5.25,-110.0
2026-06-23,long,15:04:15,15:04:18,3.3,stop,-5.0,-105.0
2026-06-23,long,15:04:30,15:04:32,2.1,stop,-5.0,-105.0
2026-06-23,long,15:04:45,15:05:04,18.9,target,10.0,195.0
2026-06-23,long,15:05:15,15:05:26,10.9,target,10.0,195.0
2026-06-23,long,15:05:30,15:05:32,2.0,stop,-5.0,-105.0
2026-06-23,short,15:05:45,15:05:49,4.5,target,10.0,195.0
2026-06-23,long,15:06:00,15:06:02,2.3,stop,-5.0,-105.0
2026-06-23,short,15:06:15,15:06:24,9.6,stop,-5.0,-105.0
2026-06-23,short,15:06:30,15:06:38,8.5,target,10.0,195.0
2026-06-23,short,15:06:45,15:06:50,5.3,target,10.0,195.0
2026-06-23,short,15:07:00,15:07:00,0.6,stop,-5.0,-105.0
2026-06-23,short,15:07:15,15:07:21,6.6,stop,-5.25,-110.0
2026-06-23,long,15:07:30,15:07:31,0.8,stop,-5.0,-105.0
2026-06-23,short,15:07:45,15:08:02,17.1,stop,-5.25,-110.0
2026-06-23,short,15:08:15,15:08:33,18.0,target,10.0,195.0
2026-06-23,long,15:08:45,15:08:47,1.8,stop,-5.25,-110.0
2026-06-23,short,15:09:00,15:09:01,1.5,stop,-5.25,-110.0
2026-06-23,long,15:09:15,15:09:23,8.3,stop,-5.0,-105.0
2026-06-23,short,15:09:30,15:09:31,1.0,stop,-5.0,-105.0
2026-06-23,long,15:09:45,15:09:45,0.4,stop,-5.0,-105.0
2026-06-23,long,15:10:00,15:10:04,4.2,stop,-5.0,-105.0
2026-06-23,long,15:10:15,15:10:18,2.8,stop,-5.0,-105.0
2026-06-23,short,15:10:30,15:10:49,19.1,stop,-5.0,-105.0
2026-06-23,short,15:11:00,15:11:02,2.0,stop,-5.0,-105.0
2026-06-23,long,15:11:15,15:11:18,3.4,target,10.0,195.0
2026-06-23,long,15:11:30,15:11:32,2.5,stop,-5.0,-105.0
2026-06-23,long,15:11:45,15:11:46,1.1,stop,-5.0,-105.0
2026-06-23,long,15:12:00,15:12:02,2.4,stop,-5.0,-105.0
2026-06-23,short,15:12:15,15:12:17,1.9,stop,-5.0,-105.0
2026-06-23,long,15:12:30,15:12:49,18.8,target,10.0,195.0
2026-06-23,long,15:13:00,15:13:00,0.4,stop,-5.0,-105.0
2026-06-23,short,15:13:15,15:13:19,4.1,target,10.0,195.0
2026-06-23,short,15:13:30,15:13:41,11.3,stop,-5.25,-110.0
2026-06-23,short,15:13:45,15:13:49,4.0,stop,-5.0,-105.0
2026-06-23,short,15:14:00,15:14:04,4.4,stop,-5.0,-105.0
2026-06-23,long,15:14:15,15:14:45,30.2,jev,-2.25,-50.0
2026-06-23,short,15:14:45,15:15:10,25.6,stop,-5.0,-105.0
2026-06-23,long,15:15:15,15:15:19,3.8,target,10.0,195.0
2026-06-23,long,15:15:30,15:15:31,1.2,stop,-5.0,-105.0
2026-06-23,short,15:15:45,15:16:01,15.8,stop,-5.0,-105.0
2026-06-23,short,15:16:15,15:16:17,1.9,stop,-5.0,-105.0
2026-06-23,long,15:16:30,15:16:31,1.4,stop,-5.0,-105.0
2026-06-23,short,15:16:45,15:16:48,3.2,stop,-5.0,-105.0
2026-06-23,long,15:17:00,15:17:01,0.9,stop,-5.0,-105.0
2026-06-23,short,15:17:15,15:17:28,13.5,target,10.0,195.0
2026-06-23,short,15:17:30,15:18:03,33.0,target,10.0,195.0
2026-06-23,short,15:18:15,15:18:19,4.3,stop,-5.0,-105.0
2026-06-23,short,15:18:30,15:19:00,30.0,jev,-0.0,-5.0
2026-06-23,long,15:19:00,15:19:20,19.9,stop,-5.0,-105.0
2026-06-23,short,15:19:30,15:20:15,45.0,jev,3.25,60.0
2026-06-23,long,15:20:15,15:20:17,2.5,target,10.0,195.0
2026-06-23,long,15:20:30,15:20:30,0.5,stop,-5.0,-105.0
2026-06-23,short,15:20:45,15:20:48,3.2,stop,-5.0,-105.0
2026-06-23,short,15:21:00,15:21:25,24.9,stop,-5.0,-105.0
2026-06-23,long,15:21:30,15:21:35,5.3,target,10.0,195.0
2026-06-23,long,15:21:45,15:22:05,20.2,target,10.0,195.0
2026-06-23,long,15:22:15,15:22:16,0.9,stop,-5.0,-105.0
2026-06-23,short,15:22:30,15:22:33,3.3,stop,-5.0,-105.0
2026-06-23,short,15:22:45,15:23:05,20.3,stop,-5.0,-105.0
2026-06-23,long,15:23:15,15:23:21,6.5,target,10.0,195.0
2026-06-23,long,15:23:30,15:23:34,4.1,target,10.0,195.0
2026-06-23,short,15:23:45,15:23:47,2.7,stop,-5.0,-105.0
2026-06-23,short,15:24:00,15:24:06,6.2,target,10.0,195.0
2026-06-23,short,15:24:15,15:24:18,3.5,target,10.0,195.0
2026-06-23,short,15:24:30,15:24:38,8.7,stop,-5.0,-105.0
2026-06-23,short,15:24:45,15:25:07,22.5,target,10.0,195.0
2026-06-23,short,15:25:15,15:25:27,11.9,target,10.0,195.0
2026-06-23,short,15:25:30,15:25:31,1.5,stop,-5.0,-105.0
2026-06-23,long,15:25:45,15:25:53,8.7,target,10.0,195.0
2026-06-23,long,15:26:00,15:26:08,8.3,target,10.0,195.0
2026-06-23,long,15:26:15,15:26:22,6.8,target,10.0,195.0
2026-06-23,long,15:26:30,15:26:37,7.2,target,10.0,195.0
2026-06-23,short,15:26:45,15:26:47,2.6,stop,-5.0,-105.0
2026-06-23,short,15:27:00,15:27:03,3.7,stop,-5.0,-105.0
2026-06-23,long,15:27:15,15:27:15,0.2,stop,-5.0,-105.0
2026-06-23,short,15:27:30,15:28:07,37.5,target,10.0,195.0
2026-06-23,short,15:28:15,15:28:19,3.8,stop,-5.0,-105.0
2026-06-23,short,15:28:30,15:28:31,1.6,stop,-5.0,-105.0
2026-06-23,long,15:28:45,15:28:56,11.3,stop,-5.0,-105.0
2026-06-23,short,15:29:00,15:29:03,3.6,stop,-5.0,-105.0
2026-06-23,long,15:29:15,15:29:34,19.1,stop,-5.0,-105.0
2026-06-23,short,15:29:45,15:29:45,0.3,stop,-5.0,-105.0
2026-06-23,long,15:30:00,15:30:03,3.6,stop,-5.25,-110.0
2026-06-23,long,15:30:15,15:30:17,2.6,stop,-5.25,-110.0
2026-06-23,long,15:30:30,15:30:35,5.6,stop,-5.0,-105.0
2026-06-23,short,15:30:45,15:30:49,3.9,stop,-5.0,-105.0
2026-06-23,long,15:31:00,15:31:03,2.9,stop,-5.0,-105.0
2026-06-23,short,15:31:15,15:31:30,15.1,target,10.0,195.0
2026-06-23,short,15:31:45,15:31:46,1.4,stop,-5.0,-105.0
2026-06-23,short,15:32:00,15:32:07,7.3,target,10.0,195.0
2026-06-23,short,15:32:15,15:32:17,2.2,stop,-5.0,-105.0
2026-06-23,long,15:32:30,15:32:49,19.4,target,10.0,195.0
2026-06-23,long,15:33:00,15:33:15,15.0,jev,0.5,5.0
2026-06-23,short,15:33:15,15:33:29,14.5,target,10.0,195.0
2026-06-23,short,15:33:30,15:33:33,3.4,stop,-5.0,-105.0
2026-06-23,long,15:33:45,15:33:50,5.5,target,10.0,195.0
2026-06-23,long,15:34:00,15:34:08,8.3,target,10.0,195.0
2026-06-23,long,15:34:15,15:34:16,1.1,stop,-5.0,-105.0
2026-06-23,short,15:34:30,15:34:45,15.0,jev,-1.75,-40.0
2026-06-23,long,15:34:45,15:34:54,9.6,stop,-5.0,-105.0
2026-06-23,short,15:35:00,15:35:03,3.0,stop,-5.0,-105.0
2026-06-23,short,15:35:15,15:35:26,10.9,target,10.0,195.0
2026-06-23,short,15:35:30,15:35:30,0.2,stop,-5.0,-105.0
2026-06-23,long,15:35:45,15:35:52,7.7,stop,-5.0,-105.0
2026-06-23,long,15:36:00,15:36:04,3.8,stop,-5.0,-105.0
2026-06-23,long,15:36:15,15:36:16,1.4,stop,-5.0,-105.0
2026-06-23,long,15:36:30,15:36:34,4.4,stop,-5.0,-105.0
2026-06-23,short,15:36:45,15:36:51,6.6,stop,-5.0,-105.0
2026-06-23,short,15:37:15,15:37:15,0.5,stop,-5.0,-105.0
2026-06-23,short,15:37:30,15:37:31,0.8,stop,-5.0,-105.0
2026-06-23,long,15:37:45,15:38:00,15.0,jev,3.75,70.0
2026-06-23,short,15:38:00,15:38:02,2.4,stop,-5.0,-105.0
2026-06-23,long,15:38:15,15:38:16,1.4,stop,-5.0,-105.0
2026-06-23,short,15:38:30,15:38:40,10.6,stop,-5.0,-105.0
2026-06-23,long,15:38:45,15:38:50,5.7,stop,-5.0,-105.0
2026-06-23,short,15:39:00,15:39:07,7.3,stop,-5.0,-105.0
2026-06-23,long,15:39:15,15:39:21,6.1,stop,-5.0,-105.0
2026-06-23,short,15:39:30,15:39:50,20.6,stop,-5.0,-105.0
2026-06-23,short,15:40:00,15:40:06,6.2,stop,-5.0,-105.0
2026-06-23,short,15:40:15,15:40:23,8.8,stop,-5.0,-105.0
2026-06-23,long,15:40:30,15:40:32,2.6,stop,-5.0,-105.0
2026-06-23,short,15:40:45,15:41:02,17.5,target,10.0,195.0
2026-06-23,short,15:41:15,15:41:16,1.1,stop,-5.0,-105.0
2026-06-23,short,15:41:30,15:41:45,15.0,jev,-3.75,-80.0
2026-06-23,long,15:41:45,15:41:53,7.9,stop,-5.5,-115.0
2026-06-23,short,15:42:00,15:42:05,5.3,stop,-5.0,-105.0
2026-06-23,short,15:42:15,15:42:28,12.8,target,10.0,195.0
2026-06-23,short,15:42:30,15:42:48,18.3,stop,-5.0,-105.0
2026-06-23,long,15:43:00,15:43:10,10.2,target,10.0,195.0
2026-06-23,long,15:43:15,15:43:20,5.7,stop,-5.0,-105.0
2026-06-23,short,15:43:30,15:43:45,15.0,jev,-2.25,-50.0
2026-06-23,long,15:43:45,15:44:00,15.0,jev,1.5,25.0
2026-06-23,short,15:44:00,15:44:16,16.4,stop,-5.0,-105.0
2026-06-23,long,15:44:30,15:44:33,3.2,stop,-5.0,-105.0
2026-06-23,long,15:44:45,15:44:46,1.2,stop,-5.0,-105.0
2026-06-23,short,15:45:00,15:45:06,6.3,stop,-5.0,-105.0
2026-06-23,long,15:45:15,15:45:19,3.9,stop,-5.0,-105.0
2026-06-23,short,15:45:30,15:45:31,0.8,stop,-5.0,-105.0
2026-06-23,short,15:45:45,15:45:51,6.4,stop,-5.0,-105.0
2026-06-23,long,15:46:00,15:46:04,3.8,stop,-5.25,-110.0
2026-06-23,short,15:46:15,15:46:21,5.8,target,10.0,195.0
2026-06-23,short,15:46:30,15:46:45,15.0,jev,-2.0,-45.0
2026-06-23,long,15:46:45,15:46:46,1.5,stop,-5.0,-105.0
2026-06-23,short,15:47:00,15:47:08,8.4,stop,-5.0,-105.0
2026-06-23,short,15:47:15,15:47:20,5.1,target,10.0,195.0
2026-06-23,short,15:47:30,15:48:07,37.2,target,10.0,195.0
2026-06-23,short,15:48:15,15:48:32,16.8,target,10.0,195.0
2026-06-23,short,15:48:45,15:48:52,7.1,stop,-5.0,-105.0
2026-06-23,long,15:49:00,15:49:05,5.1,target,10.0,195.0
2026-06-23,long,15:49:15,15:49:33,18.3,target,10.0,195.0
2026-06-23,long,15:49:45,15:50:00,14.8,target,10.0,195.0
2026-06-23,long,15:50:15,15:50:28,13.4,stop,-5.25,-110.0
2026-06-23,long,15:50:30,15:50:33,3.5,target,10.0,195.0
2026-06-23,long,15:50:45,15:50:46,1.0,stop,-5.0,-105.0
2026-06-23,long,15:51:00,15:51:03,3.7,stop,-5.0,-105.0
2026-06-23,short,15:51:15,15:51:20,4.9,stop,-5.0,-105.0
2026-06-23,long,15:51:30,15:51:37,6.8,stop,-5.0,-105.0
2026-06-23,short,15:51:45,15:52:02,17.4,target,10.0,195.0
2026-06-23,short,15:52:15,15:52:18,2.9,stop,-5.0,-105.0
2026-06-23,long,15:52:30,15:52:33,2.8,stop,-5.0,-105.0
2026-06-23,short,15:52:45,15:52:49,4.4,stop,-5.0,-105.0
2026-06-23,long,15:53:00,15:53:10,9.8,stop,-5.25,-110.0
2026-06-23,short,15:53:15,15:53:19,3.9,stop,-5.0,-105.0
2026-06-23,long,15:53:30,15:53:45,15.0,jev,-3.75,-80.0
2026-06-23,short,15:53:45,15:53:46,1.0,stop,-5.0,-105.0
2026-06-23,long,15:54:00,15:54:01,0.8,stop,-5.0,-105.0
2026-06-23,long,15:54:15,15:54:25,10.5,target,10.0,195.0
2026-06-23,long,15:54:30,15:54:36,6.6,stop,-5.0,-105.0
2026-06-23,short,15:54:45,15:54:50,4.8,stop,-6.0,-125.0
